WARNING: log4j.properties is not found. HADOOP_CONF_DIR may be incomplete.
2026-10-03 18:09:49,610 WARN  [main] impl.MetricsConfig (MetricsConfig.java:loadFirst(134)) - Cannot locate configuration: tried hadoop-metrics2-jobtracker.properties,hadoop-metrics2.properties
2026-10-03 18:09:49,717 INFO  [main] impl.MetricsSystemImpl (MetricsSystemImpl.java:startTimer(374)) - Scheduled Metric snapshot period at 10 second(s).
2026-10-03 18:09:49,717 INFO  [main] impl.MetricsSystemImpl (MetricsSystemImpl.java:start(191)) - JobTracker metrics system started
2026-10-03 18:09:49,746 WARN  [main] impl.MetricsSystemImpl (MetricsSystemImpl.java:init(151)) - JobTracker metrics system already initialized!
2026-10-03 18:09:50,530 INFO  [main] mapred.FileInputFormat (FileInputFormat.java:listStatus(259)) - Total input files to process : 1
2026-10-03 18:09:50,579 INFO  [main] mapreduce.JobSubmitter (JobSubmitter.java:submitJobInternal(202)) - number of splits:2
2026-10-03 18:09:50,780 INFO  [main] mapreduce.JobSubmitter (JobSubmitter.java:printTokens(298)) - Submitting tokens for job: job_local1209709675_0001
2026-10-03 18:09:50,788 INFO  [main] mapreduce.JobSubmitter (JobSubmitter.java:printTokens(299)) - Executing with tokens: []
2026-10-03 18:09:51,299 INFO  [main] mapred.LocalDistributedCacheManager (LocalDistributedCacheManager.java:symlink(200)) - Creating symlink: /tmp/hadoop-root/mapred/local/job_local1209709675_0001_102df21e-e948-4660-990f-473fb49598e6/mapper.sh <- //mapper.sh
2026-10-03 18:09:51,323 INFO  [main] mapred.LocalDistributedCacheManager (LocalDistributedCacheManager.java:setup(164)) - Localized file:/workspace/mapreduce/mapper.sh as file:/tmp/hadoop-root/mapred/local/job_local1209709675_0001_102df21e-e948-4660-990f-473fb49598e6/mapper.sh
2026-10-03 18:09:51,352 INFO  [main] mapred.LocalDistributedCacheManager (LocalDistributedCacheManager.java:symlink(200)) - Creating symlink: /tmp/hadoop-root/mapred/local/job_local1209709675_0001_dfaed81e-22cc-454a-9e92-8c0575d546cc/combiner.sh <- //combiner.sh
2026-10-03 18:09:51,357 INFO  [main] mapred.LocalDistributedCacheManager (LocalDistributedCacheManager.java:setup(164)) - Localized file:/workspace/mapreduce/combiner.sh as file:/tmp/hadoop-root/mapred/local/job_local1209709675_0001_dfaed81e-22cc-454a-9e92-8c0575d546cc/combiner.sh
2026-10-03 18:09:51,358 INFO  [main] mapred.LocalDistributedCacheManager (LocalDistributedCacheManager.java:symlink(200)) - Creating symlink: /tmp/hadoop-root/mapred/local/job_local1209709675_0001_c9640f7e-7ef6-4ae5-b9e1-a039154c57c0/reducer.sh <- //reducer.sh
2026-10-03 18:09:51,362 INFO  [main] mapred.LocalDistributedCacheManager (LocalDistributedCacheManager.java:setup(164)) - Localized file:/workspace/mapreduce/reducer.sh as file:/tmp/hadoop-root/mapred/local/job_local1209709675_0001_c9640f7e-7ef6-4ae5-b9e1-a039154c57c0/reducer.sh
2026-10-03 18:09:51,476 INFO  [main] mapreduce.Job (Job.java:submit(1574)) - The url to track the job: http://localhost:8080/
2026-10-03 18:09:51,484 INFO  [main] mapreduce.Job (Job.java:monitorAndPrintJob(1619)) - Running job: job_local1209709675_0001
2026-10-03 18:09:51,488 INFO  [Thread-8] mapred.LocalJobRunner (LocalJobRunner.java:createOutputCommitter(501)) - OutputCommitter set in config null
2026-10-03 18:09:51,500 INFO  [Thread-8] mapred.LocalJobRunner (LocalJobRunner.java:createOutputCommitter(519)) - OutputCommitter is org.apache.hadoop.mapred.FileOutputCommitter
2026-10-03 18:09:51,518 INFO  [Thread-8] output.FileOutputCommitter (FileOutputCommitter.java:<init>(141)) - File Output Committer Algorithm version is 2
2026-10-03 18:09:51,518 INFO  [Thread-8] output.FileOutputCommitter (FileOutputCommitter.java:<init>(156)) - FileOutputCommitter skip cleanup _temporary folders under output directory:false, ignore cleanup failures: false
2026-10-03 18:09:51,633 INFO  [Thread-8] mapred.LocalJobRunner (LocalJobRunner.java:runTasks(478)) - Waiting for map tasks
2026-10-03 18:09:51,641 INFO  [LocalJobRunner Map Task Executor #0] mapred.LocalJobRunner (LocalJobRunner.java:run(252)) - Starting task: attempt_local1209709675_0001_m_000000_0
2026-10-03 18:09:51,720 INFO  [LocalJobRunner Map Task Executor #0] output.FileOutputCommitter (FileOutputCommitter.java:<init>(141)) - File Output Committer Algorithm version is 2
2026-10-03 18:09:51,720 INFO  [LocalJobRunner Map Task Executor #0] output.FileOutputCommitter (FileOutputCommitter.java:<init>(156)) - FileOutputCommitter skip cleanup _temporary folders under output directory:false, ignore cleanup failures: false
2026-10-03 18:09:51,745 INFO  [LocalJobRunner Map Task Executor #0] mapred.Task (Task.java:initialize(626)) -  Using ResourceCalculatorProcessTree : [ ]
2026-10-03 18:09:51,765 INFO  [LocalJobRunner Map Task Executor #0] mapred.MapTask (MapTask.java:updateJobWithSplit(497)) - Processing split: hdfs://namenode:9000/taxi/raw/mapreduce_input/part-00000.tsv:0+134217728
2026-10-03 18:09:51,826 INFO  [LocalJobRunner Map Task Executor #0] mapred.MapTask (MapTask.java:runOldMapper(451)) - numReduceTasks: 1
2026-10-03 18:09:51,859 INFO  [LocalJobRunner Map Task Executor #0] mapred.MapTask (MapTask.java:setEquator(1219)) - (EQUATOR) 0 kvi 26214396(104857584)
2026-10-03 18:09:51,859 INFO  [LocalJobRunner Map Task Executor #0] mapred.MapTask (MapTask.java:init(1012)) - mapreduce.task.io.sort.mb: 100
2026-10-03 18:09:51,859 INFO  [LocalJobRunner Map Task Executor #0] mapred.MapTask (MapTask.java:init(1013)) - soft limit at 83886080
2026-10-03 18:09:51,859 INFO  [LocalJobRunner Map Task Executor #0] mapred.MapTask (MapTask.java:init(1014)) - bufstart = 0; bufvoid = 104857600
2026-10-03 18:09:51,859 INFO  [LocalJobRunner Map Task Executor #0] mapred.MapTask (MapTask.java:init(1015)) - kvstart = 26214396; length = 6553600
2026-10-03 18:09:51,869 INFO  [LocalJobRunner Map Task Executor #0] mapred.MapTask (MapTask.java:createSortingCollector(409)) - Map output collector class = org.apache.hadoop.mapred.MapTask$MapOutputBuffer
2026-10-03 18:09:51,880 INFO  [LocalJobRunner Map Task Executor #0] streaming.PipeMapRed (PipeMapRed.java:configure(199)) - PipeMapRed exec [/bin/bash, mapper.sh]
2026-10-03 18:09:51,883 INFO  [LocalJobRunner Map Task Executor #0] Configuration.deprecation (Configuration.java:logDeprecation(1395)) - mapred.work.output.dir is deprecated. Instead, use mapreduce.task.output.dir
2026-10-03 18:09:51,884 INFO  [LocalJobRunner Map Task Executor #0] Configuration.deprecation (Configuration.java:logDeprecation(1395)) - map.input.start is deprecated. Instead, use mapreduce.map.input.start
2026-10-03 18:09:51,884 INFO  [LocalJobRunner Map Task Executor #0] Configuration.deprecation (Configuration.java:logDeprecation(1395)) - mapred.task.is.map is deprecated. Instead, use mapreduce.task.ismap
2026-10-03 18:09:51,885 INFO  [LocalJobRunner Map Task Executor #0] Configuration.deprecation (Configuration.java:logDeprecation(1395)) - mapred.task.id is deprecated. Instead, use mapreduce.task.attempt.id
2026-10-03 18:09:51,885 INFO  [LocalJobRunner Map Task Executor #0] Configuration.deprecation (Configuration.java:logDeprecation(1395)) - mapred.tip.id is deprecated. Instead, use mapreduce.task.id
2026-10-03 18:09:51,885 INFO  [LocalJobRunner Map Task Executor #0] Configuration.deprecation (Configuration.java:logDeprecation(1395)) - mapred.local.dir is deprecated. Instead, use mapreduce.cluster.local.dir
2026-10-03 18:09:51,886 INFO  [LocalJobRunner Map Task Executor #0] Configuration.deprecation (Configuration.java:logDeprecation(1395)) - map.input.file is deprecated. Instead, use mapreduce.map.input.file
2026-10-03 18:09:51,886 INFO  [LocalJobRunner Map Task Executor #0] Configuration.deprecation (Configuration.java:logDeprecation(1395)) - mapred.skip.on is deprecated. Instead, use mapreduce.job.skiprecords
2026-10-03 18:09:51,886 INFO  [LocalJobRunner Map Task Executor #0] Configuration.deprecation (Configuration.java:logDeprecation(1395)) - map.input.length is deprecated. Instead, use mapreduce.map.input.length
2026-10-03 18:09:51,886 INFO  [LocalJobRunner Map Task Executor #0] Configuration.deprecation (Configuration.java:logDeprecation(1395)) - mapred.job.id is deprecated. Instead, use mapreduce.job.id
2026-10-03 18:09:51,887 INFO  [LocalJobRunner Map Task Executor #0] Configuration.deprecation (Configuration.java:logDeprecation(1395)) - user.name is deprecated. Instead, use mapreduce.job.user.name
2026-10-03 18:09:51,887 INFO  [LocalJobRunner Map Task Executor #0] Configuration.deprecation (Configuration.java:logDeprecation(1395)) - mapred.task.partition is deprecated. Instead, use mapreduce.task.partition
2026-10-03 18:09:51,939 INFO  [LocalJobRunner Map Task Executor #0] sasl.SaslDataTransferClient (SaslDataTransferClient.java:checkTrustAndSend(239)) - SASL encryption trust check: localHostTrusted = false, remoteHostTrusted = false
2026-10-03 18:09:52,143 INFO  [LocalJobRunner Map Task Executor #0] streaming.PipeMapRed (PipeMapRed.java:maybeLogRecord(554)) - R/W/S=1/0/0 in:NA [rec/s] out:NA [rec/s]
2026-10-03 18:09:52,143 INFO  [LocalJobRunner Map Task Executor #0] streaming.PipeMapRed (PipeMapRed.java:maybeLogRecord(554)) - R/W/S=10/0/0 in:NA [rec/s] out:NA [rec/s]
2026-10-03 18:09:52,144 INFO  [LocalJobRunner Map Task Executor #0] streaming.PipeMapRed (PipeMapRed.java:maybeLogRecord(554)) - R/W/S=100/0/0 in:NA [rec/s] out:NA [rec/s]
2026-10-03 18:09:52,149 INFO  [LocalJobRunner Map Task Executor #0] streaming.PipeMapRed (PipeMapRed.java:maybeLogRecord(554)) - R/W/S=1000/0/0 in:NA [rec/s] out:NA [rec/s]
2026-10-03 18:09:52,159 INFO  [LocalJobRunner Map Task Executor #0] streaming.PipeMapRed (PipeMapRed.java:maybeLogRecord(554)) - R/W/S=10000/0/0 in:NA [rec/s] out:NA [rec/s]
2026-10-03 18:09:52,172 INFO  [Thread-28] streaming.PipeMapRed (PipeMapRed.java:run(396)) - Records R/W=20493/1
2026-10-03 18:09:52,255 INFO  [LocalJobRunner Map Task Executor #0] streaming.PipeMapRed (PipeMapRed.java:maybeLogRecord(554)) - R/W/S=100000/87290/0 in:NA [rec/s] out:NA [rec/s]
2026-10-03 18:09:52,327 INFO  [LocalJobRunner Map Task Executor #0] streaming.PipeMapRed (PipeMapRed.java:maybeLogRecord(554)) - R/W/S=200000/190962/0 in:NA [rec/s] out:NA [rec/s]
2026-10-03 18:09:52,398 INFO  [LocalJobRunner Map Task Executor #0] streaming.PipeMapRed (PipeMapRed.java:maybeLogRecord(554)) - R/W/S=300000/284790/0 in:NA [rec/s] out:NA [rec/s]
2026-10-03 18:09:52,467 INFO  [LocalJobRunner Map Task Executor #0] streaming.PipeMapRed (PipeMapRed.java:maybeLogRecord(554)) - R/W/S=400000/389528/0 in:NA [rec/s] out:NA [rec/s]
2026-10-03 18:09:52,513 INFO  [main] mapreduce.Job (Job.java:monitorAndPrintJob(1640)) - Job job_local1209709675_0001 running in uber mode : false
2026-10-03 18:09:52,514 INFO  [main] mapreduce.Job (Job.java:monitorAndPrintJob(1647)) -  map 0% reduce 0%
2026-10-03 18:09:52,534 INFO  [LocalJobRunner Map Task Executor #0] streaming.PipeMapRed (PipeMapRed.java:maybeLogRecord(554)) - R/W/S=500000/480912/0 in:NA [rec/s] out:NA [rec/s]
2026-10-03 18:09:52,603 INFO  [LocalJobRunner Map Task Executor #0] streaming.PipeMapRed (PipeMapRed.java:maybeLogRecord(554)) - R/W/S=600000/585501/0 in:NA [rec/s] out:NA [rec/s]
2026-10-03 18:09:52,671 INFO  [LocalJobRunner Map Task Executor #0] streaming.PipeMapRed (PipeMapRed.java:maybeLogRecord(554)) - R/W/S=700000/690049/0 in:NA [rec/s] out:NA [rec/s]
2026-10-03 18:09:52,726 INFO  [LocalJobRunner Map Task Executor #0] streaming.PipeMapRed (PipeMapRed.java:maybeLogRecord(554)) - R/W/S=800000/781094/0 in:NA [rec/s] out:NA [rec/s]
2026-10-03 18:09:52,792 INFO  [LocalJobRunner Map Task Executor #0] streaming.PipeMapRed (PipeMapRed.java:maybeLogRecord(554)) - R/W/S=900000/886236/0 in:NA [rec/s] out:NA [rec/s]
2026-10-03 18:09:52,851 INFO  [LocalJobRunner Map Task Executor #0] streaming.PipeMapRed (PipeMapRed.java:maybeLogRecord(554)) - R/W/S=1000000/979591/0 in:NA [rec/s] out:NA [rec/s]
2026-10-03 18:09:52,921 INFO  [LocalJobRunner Map Task Executor #0] streaming.PipeMapRed (PipeMapRed.java:maybeLogRecord(554)) - R/W/S=1100000/1085838/0 in:1100000=1100000/1 [rec/s] out:1085838=1085838/1 [rec/s]
2026-10-03 18:09:52,987 INFO  [LocalJobRunner Map Task Executor #0] streaming.PipeMapRed (PipeMapRed.java:maybeLogRecord(554)) - R/W/S=1200000/1190588/0 in:1200000=1200000/1 [rec/s] out:1190588=1190588/1 [rec/s]
2026-10-03 18:09:53,046 INFO  [LocalJobRunner Map Task Executor #0] streaming.PipeMapRed (PipeMapRed.java:maybeLogRecord(554)) - R/W/S=1300000/1283233/0 in:1300000=1300000/1 [rec/s] out:1283233=1283233/1 [rec/s]
2026-10-03 18:09:53,111 INFO  [LocalJobRunner Map Task Executor #0] streaming.PipeMapRed (PipeMapRed.java:maybeLogRecord(554)) - R/W/S=1400000/1387335/0 in:1400000=1400000/1 [rec/s] out:1387335=1387335/1 [rec/s]
2026-10-03 18:09:53,177 INFO  [LocalJobRunner Map Task Executor #0] streaming.PipeMapRed (PipeMapRed.java:maybeLogRecord(554)) - R/W/S=1500000/1490983/0 in:1500000=1500000/1 [rec/s] out:1490990=1490990/1 [rec/s]
2026-10-03 18:09:53,232 INFO  [LocalJobRunner Map Task Executor #0] streaming.PipeMapRed (PipeMapRed.java:maybeLogRecord(554)) - R/W/S=1600000/1583327/0 in:1600000=1600000/1 [rec/s] out:1583327=1583327/1 [rec/s]
2026-10-03 18:09:53,297 INFO  [LocalJobRunner Map Task Executor #0] streaming.PipeMapRed (PipeMapRed.java:maybeLogRecord(554)) - R/W/S=1700000/1688572/0 in:1700000=1700000/1 [rec/s] out:1688572=1688572/1 [rec/s]
2026-10-03 18:09:53,355 INFO  [LocalJobRunner Map Task Executor #0] streaming.PipeMapRed (PipeMapRed.java:maybeLogRecord(554)) - R/W/S=1800000/1781587/0 in:1800000=1800000/1 [rec/s] out:1781587=1781587/1 [rec/s]
2026-10-03 18:09:53,417 INFO  [LocalJobRunner Map Task Executor #0] streaming.PipeMapRed (PipeMapRed.java:maybeLogRecord(554)) - R/W/S=1900000/1886143/0 in:1900000=1900000/1 [rec/s] out:1886143=1886143/1 [rec/s]
2026-10-03 18:09:53,485 INFO  [LocalJobRunner Map Task Executor #0] streaming.PipeMapRed (PipeMapRed.java:maybeLogRecord(554)) - R/W/S=2000000/1990663/0 in:2000000=2000000/1 [rec/s] out:1990663=1990663/1 [rec/s]
2026-10-03 18:09:53,542 INFO  [LocalJobRunner Map Task Executor #0] streaming.PipeMapRed (PipeMapRed.java:maybeLogRecord(554)) - R/W/S=2100000/2083800/0 in:2100000=2100000/1 [rec/s] out:2083800=2083800/1 [rec/s]
2026-10-03 18:09:53,605 INFO  [LocalJobRunner Map Task Executor #0] streaming.PipeMapRed (PipeMapRed.java:maybeLogRecord(554)) - R/W/S=2200000/2187996/0 in:2200000=2200000/1 [rec/s] out:2187996=2187996/1 [rec/s]
2026-10-03 18:09:53,674 INFO  [LocalJobRunner Map Task Executor #0] streaming.PipeMapRed (PipeMapRed.java:maybeLogRecord(554)) - R/W/S=2300000/2282203/0 in:2300000=2300000/1 [rec/s] out:2282203=2282203/1 [rec/s]
2026-10-03 18:09:53,740 INFO  [LocalJobRunner Map Task Executor #0] streaming.PipeMapRed (PipeMapRed.java:maybeLogRecord(554)) - R/W/S=2400000/2384913/0 in:2400000=2400000/1 [rec/s] out:2384913=2384913/1 [rec/s]
2026-10-03 18:09:53,806 INFO  [LocalJobRunner Map Task Executor #0] streaming.PipeMapRed (PipeMapRed.java:maybeLogRecord(554)) - R/W/S=2500000/2490267/0 in:2500000=2500000/1 [rec/s] out:2490267=2490267/1 [rec/s]
2026-10-03 18:09:53,869 INFO  [LocalJobRunner Map Task Executor #0] streaming.PipeMapRed (PipeMapRed.java:maybeLogRecord(554)) - R/W/S=2600000/2582716/0 in:2600000=2600000/1 [rec/s] out:2582716=2582716/1 [rec/s]
2026-10-03 18:09:53,940 INFO  [LocalJobRunner Map Task Executor #0] streaming.PipeMapRed (PipeMapRed.java:maybeLogRecord(554)) - R/W/S=2700000/2687186/0 in:1350000=2700000/2 [rec/s] out:1343593=2687186/2 [rec/s]
2026-10-03 18:09:54,018 INFO  [LocalJobRunner Map Task Executor #0] streaming.PipeMapRed (PipeMapRed.java:maybeLogRecord(554)) - R/W/S=2800000/2791839/0 in:1400000=2800000/2 [rec/s] out:1395960=2791921/2 [rec/s]
2026-10-03 18:09:54,072 INFO  [LocalJobRunner Map Task Executor #0] streaming.PipeMapRed (PipeMapRed.java:maybeLogRecord(554)) - R/W/S=2900000/2884205/0 in:1450000=2900000/2 [rec/s] out:1442102=2884205/2 [rec/s]
2026-10-03 18:09:54,141 INFO  [LocalJobRunner Map Task Executor #0] streaming.PipeMapRed (PipeMapRed.java:maybeLogRecord(554)) - R/W/S=3000000/2989819/0 in:1500000=3000000/2 [rec/s] out:1494909=2989819/2 [rec/s]
2026-10-03 18:09:54,203 INFO  [LocalJobRunner Map Task Executor #0] streaming.PipeMapRed (PipeMapRed.java:maybeLogRecord(554)) - R/W/S=3100000/3084911/0 in:1550000=3100000/2 [rec/s] out:1542455=3084911/2 [rec/s]
2026-10-03 18:09:54,268 INFO  [LocalJobRunner Map Task Executor #0] streaming.PipeMapRed (PipeMapRed.java:maybeLogRecord(554)) - R/W/S=3200000/3192066/0 in:1600000=3200000/2 [rec/s] out:1596033=3192066/2 [rec/s]
2026-10-03 18:09:54,330 INFO  [LocalJobRunner Map Task Executor #0] streaming.PipeMapRed (PipeMapRed.java:maybeLogRecord(554)) - R/W/S=3300000/3287519/0 in:1650000=3300000/2 [rec/s] out:1643774=3287549/2 [rec/s]
2026-10-03 18:09:54,391 INFO  [LocalJobRunner Map Task Executor #0] streaming.PipeMapRed (PipeMapRed.java:maybeLogRecord(554)) - R/W/S=3400000/3380785/0 in:1700000=3400000/2 [rec/s] out:1690392=3380785/2 [rec/s]
2026-10-03 18:09:54,409 INFO  [Thread-28] mapred.MapTask (MapTask.java:startSpill(1595)) - Spilling map output
2026-10-03 18:09:54,409 INFO  [Thread-28] mapred.MapTask (MapTask.java:startSpill(1596)) - bufstart = 0; bufend = 29393407; bufvoid = 104857600
2026-10-03 18:09:54,409 INFO  [Thread-28] mapred.MapTask (MapTask.java:startSpill(1598)) - kvstart = 26214396(104857584); kvend = 12591232(50364928); length = 13623165/6553600
2026-10-03 18:09:54,409 INFO  [Thread-28] mapred.MapTask (MapTask.java:setEquator(1219)) - (EQUATOR) 39879159 kvi 9969784(39879136)
2026-10-03 18:09:54,489 INFO  [LocalJobRunner Map Task Executor #0] streaming.PipeMapRed (PipeMapRed.java:maybeLogRecord(554)) - R/W/S=3500000/3486700/0 in:1750000=3500000/2 [rec/s] out:1743350=3486700/2 [rec/s]
2026-10-03 18:09:54,560 INFO  [LocalJobRunner Map Task Executor #0] streaming.PipeMapRed (PipeMapRed.java:maybeLogRecord(554)) - R/W/S=3600000/3580593/0 in:1800000=3600000/2 [rec/s] out:1790296=3580593/2 [rec/s]
2026-10-03 18:09:54,640 INFO  [LocalJobRunner Map Task Executor #0] streaming.PipeMapRed (PipeMapRed.java:maybeLogRecord(554)) - R/W/S=3700000/3685579/0 in:1850000=3700000/2 [rec/s] out:1842789=3685579/2 [rec/s]
2026-10-03 18:09:54,716 INFO  [LocalJobRunner Map Task Executor #0] streaming.PipeMapRed (PipeMapRed.java:maybeLogRecord(554)) - R/W/S=3800000/3789294/0 in:1900000=3800000/2 [rec/s] out:1894647=3789294/2 [rec/s]
2026-10-03 18:09:54,779 INFO  [LocalJobRunner Map Task Executor #0] streaming.PipeMapRed (PipeMapRed.java:maybeLogRecord(554)) - R/W/S=3900000/3880627/0 in:1950000=3900000/2 [rec/s] out:1940313=3880627/2 [rec/s]
2026-10-03 18:09:54,851 INFO  [LocalJobRunner Map Task Executor #0] streaming.PipeMapRed (PipeMapRed.java:maybeLogRecord(554)) - R/W/S=4000000/3986739/0 in:2000000=4000000/2 [rec/s] out:1993369=3986739/2 [rec/s]
2026-10-03 18:09:57,021 INFO  [SpillThread] streaming.PipeMapRed (PipeMapRed.java:configure(199)) - PipeMapRed exec [/bin/bash, combiner.sh]
2026-10-03 18:09:57,023 INFO  [SpillThread] Configuration.deprecation (Configuration.java:logDeprecation(1395)) - mapred.skip.map.auto.incr.proc.count is deprecated. Instead, use mapreduce.map.skip.proc-count.auto-incr
2026-10-03 18:09:57,035 INFO  [SpillThread] streaming.PipeMapRed (PipeMapRed.java:maybeLogRecord(554)) - R/W/S=1/0/0 in:NA [rec/s] out:NA [rec/s]
2026-10-03 18:09:57,036 INFO  [SpillThread] streaming.PipeMapRed (PipeMapRed.java:maybeLogRecord(554)) - R/W/S=10/0/0 in:NA [rec/s] out:NA [rec/s]
2026-10-03 18:09:57,036 INFO  [SpillThread] streaming.PipeMapRed (PipeMapRed.java:maybeLogRecord(554)) - R/W/S=100/0/0 in:NA [rec/s] out:NA [rec/s]
2026-10-03 18:09:57,042 INFO  [SpillThread] streaming.PipeMapRed (PipeMapRed.java:maybeLogRecord(554)) - R/W/S=1000/0/0 in:NA [rec/s] out:NA [rec/s]
2026-10-03 18:09:57,050 INFO  [SpillThread] streaming.PipeMapRed (PipeMapRed.java:maybeLogRecord(554)) - R/W/S=10000/0/0 in:NA [rec/s] out:NA [rec/s]
2026-10-03 18:09:57,102 INFO  [SpillThread] streaming.PipeMapRed (PipeMapRed.java:maybeLogRecord(554)) - R/W/S=100000/0/0 in:NA [rec/s] out:NA [rec/s]
2026-10-03 18:09:57,146 INFO  [SpillThread] streaming.PipeMapRed (PipeMapRed.java:maybeLogRecord(554)) - R/W/S=200000/0/0 in:NA [rec/s] out:NA [rec/s]
2026-10-03 18:09:57,177 INFO  [SpillThread] streaming.PipeMapRed (PipeMapRed.java:maybeLogRecord(554)) - R/W/S=300000/0/0 in:NA [rec/s] out:NA [rec/s]
2026-10-03 18:09:57,205 INFO  [SpillThread] streaming.PipeMapRed (PipeMapRed.java:maybeLogRecord(554)) - R/W/S=400000/0/0 in:NA [rec/s] out:NA [rec/s]
2026-10-03 18:09:57,237 INFO  [SpillThread] streaming.PipeMapRed (PipeMapRed.java:maybeLogRecord(554)) - R/W/S=500000/0/0 in:NA [rec/s] out:NA [rec/s]
2026-10-03 18:09:57,269 INFO  [SpillThread] streaming.PipeMapRed (PipeMapRed.java:maybeLogRecord(554)) - R/W/S=600000/0/0 in:NA [rec/s] out:NA [rec/s]
2026-10-03 18:09:57,300 INFO  [SpillThread] streaming.PipeMapRed (PipeMapRed.java:maybeLogRecord(554)) - R/W/S=700000/0/0 in:NA [rec/s] out:NA [rec/s]
2026-10-03 18:09:57,329 INFO  [SpillThread] streaming.PipeMapRed (PipeMapRed.java:maybeLogRecord(554)) - R/W/S=800000/0/0 in:NA [rec/s] out:NA [rec/s]
2026-10-03 18:09:57,360 INFO  [SpillThread] streaming.PipeMapRed (PipeMapRed.java:maybeLogRecord(554)) - R/W/S=900000/0/0 in:NA [rec/s] out:NA [rec/s]
2026-10-03 18:09:57,389 INFO  [SpillThread] streaming.PipeMapRed (PipeMapRed.java:maybeLogRecord(554)) - R/W/S=1000000/0/0 in:NA [rec/s] out:NA [rec/s]
2026-10-03 18:09:57,419 INFO  [SpillThread] streaming.PipeMapRed (PipeMapRed.java:maybeLogRecord(554)) - R/W/S=1100000/0/0 in:NA [rec/s] out:NA [rec/s]
2026-10-03 18:09:57,451 INFO  [SpillThread] streaming.PipeMapRed (PipeMapRed.java:maybeLogRecord(554)) - R/W/S=1200000/0/0 in:NA [rec/s] out:NA [rec/s]
2026-10-03 18:09:57,479 INFO  [SpillThread] streaming.PipeMapRed (PipeMapRed.java:maybeLogRecord(554)) - R/W/S=1300000/0/0 in:NA [rec/s] out:NA [rec/s]
2026-10-03 18:09:57,513 INFO  [SpillThread] streaming.PipeMapRed (PipeMapRed.java:maybeLogRecord(554)) - R/W/S=1400000/0/0 in:NA [rec/s] out:NA [rec/s]
2026-10-03 18:09:57,550 INFO  [SpillThread] streaming.PipeMapRed (PipeMapRed.java:maybeLogRecord(554)) - R/W/S=1500000/0/0 in:NA [rec/s] out:NA [rec/s]
2026-10-03 18:09:57,583 INFO  [SpillThread] streaming.PipeMapRed (PipeMapRed.java:maybeLogRecord(554)) - R/W/S=1600000/0/0 in:NA [rec/s] out:NA [rec/s]
2026-10-03 18:09:57,612 INFO  [SpillThread] streaming.PipeMapRed (PipeMapRed.java:maybeLogRecord(554)) - R/W/S=1700000/0/0 in:NA [rec/s] out:NA [rec/s]
2026-10-03 18:09:57,646 INFO  [SpillThread] streaming.PipeMapRed (PipeMapRed.java:maybeLogRecord(554)) - R/W/S=1800000/0/0 in:NA [rec/s] out:NA [rec/s]
2026-10-03 18:09:57,679 INFO  [SpillThread] streaming.PipeMapRed (PipeMapRed.java:maybeLogRecord(554)) - R/W/S=1900000/0/0 in:NA [rec/s] out:NA [rec/s]
2026-10-03 18:09:57,713 INFO  [SpillThread] streaming.PipeMapRed (PipeMapRed.java:maybeLogRecord(554)) - R/W/S=2000000/0/0 in:NA [rec/s] out:NA [rec/s]
2026-10-03 18:09:57,746 INFO  [SpillThread] streaming.PipeMapRed (PipeMapRed.java:maybeLogRecord(554)) - R/W/S=2100000/0/0 in:NA [rec/s] out:NA [rec/s]
2026-10-03 18:09:57,777 INFO  [SpillThread] streaming.PipeMapRed (PipeMapRed.java:maybeLogRecord(554)) - R/W/S=2200000/0/0 in:NA [rec/s] out:NA [rec/s]
2026-10-03 18:09:57,808 INFO  [SpillThread] streaming.PipeMapRed (PipeMapRed.java:maybeLogRecord(554)) - R/W/S=2300000/0/0 in:NA [rec/s] out:NA [rec/s]
2026-10-03 18:09:57,835 INFO  [SpillThread] streaming.PipeMapRed (PipeMapRed.java:maybeLogRecord(554)) - R/W/S=2400000/0/0 in:NA [rec/s] out:NA [rec/s]
2026-10-03 18:09:57,866 INFO  [SpillThread] streaming.PipeMapRed (PipeMapRed.java:maybeLogRecord(554)) - R/W/S=2500000/0/0 in:NA [rec/s] out:NA [rec/s]
2026-10-03 18:09:57,898 INFO  [SpillThread] streaming.PipeMapRed (PipeMapRed.java:maybeLogRecord(554)) - R/W/S=2600000/0/0 in:NA [rec/s] out:NA [rec/s]
2026-10-03 18:09:57,930 INFO  [SpillThread] streaming.PipeMapRed (PipeMapRed.java:maybeLogRecord(554)) - R/W/S=2700000/0/0 in:NA [rec/s] out:NA [rec/s]
2026-10-03 18:09:57,961 INFO  [SpillThread] streaming.PipeMapRed (PipeMapRed.java:maybeLogRecord(554)) - R/W/S=2800000/0/0 in:NA [rec/s] out:NA [rec/s]
2026-10-03 18:09:57,994 INFO  [SpillThread] streaming.PipeMapRed (PipeMapRed.java:maybeLogRecord(554)) - R/W/S=2900000/0/0 in:NA [rec/s] out:NA [rec/s]
2026-10-03 18:09:58,022 INFO  [SpillThread] streaming.PipeMapRed (PipeMapRed.java:maybeLogRecord(554)) - R/W/S=3000000/0/0 in:NA [rec/s] out:NA [rec/s]
2026-10-03 18:09:58,053 INFO  [SpillThread] streaming.PipeMapRed (PipeMapRed.java:maybeLogRecord(554)) - R/W/S=3100000/0/0 in:3100000=3100000/1 [rec/s] out:0=0/1 [rec/s]
2026-10-03 18:09:58,084 INFO  [SpillThread] streaming.PipeMapRed (PipeMapRed.java:maybeLogRecord(554)) - R/W/S=3200000/0/0 in:3200000=3200000/1 [rec/s] out:0=0/1 [rec/s]
2026-10-03 18:09:58,113 INFO  [SpillThread] streaming.PipeMapRed (PipeMapRed.java:maybeLogRecord(554)) - R/W/S=3300000/0/0 in:3300000=3300000/1 [rec/s] out:0=0/1 [rec/s]
2026-10-03 18:09:58,140 INFO  [SpillThread] streaming.PipeMapRed (PipeMapRed.java:maybeLogRecord(554)) - R/W/S=3400000/0/0 in:3400000=3400000/1 [rec/s] out:0=0/1 [rec/s]
2026-10-03 18:09:58,149 INFO  [Thread-31] streaming.PipeMapRed (PipeMapRed.java:run(396)) - Records R/W=3405792/1
2026-10-03 18:09:58,154 INFO  [Thread-32] streaming.PipeMapRed (PipeMapRed.java:run(466)) - MRErrorThread done
2026-10-03 18:09:58,165 INFO  [SpillThread] streaming.PipeMapRed (PipeMapRed.java:mapRedFinished(544)) - mapRedFinished
2026-10-03 18:09:58,169 INFO  [SpillThread] mapred.MapTask (MapTask.java:sortAndSpill(1696)) - Finished spill 0
2026-10-03 18:09:58,169 INFO  [Thread-28] mapred.MapTask (MapTask.java:resetSpill(1236)) - (RESET) equator 39879159 kv 9969784(39879136) kvi 7348356(29393424)
2026-10-03 18:09:58,187 INFO  [LocalJobRunner Map Task Executor #0] streaming.PipeMapRed (PipeMapRed.java:maybeLogRecord(554)) - R/W/S=4100000/4091900/0 in:683333=4100000/6 [rec/s] out:681983=4091900/6 [rec/s]
2026-10-03 18:09:58,245 INFO  [LocalJobRunner Map Task Executor #0] streaming.PipeMapRed (PipeMapRed.java:maybeLogRecord(554)) - R/W/S=4200000/4186431/0 in:700000=4200000/6 [rec/s] out:697742=4186456/6 [rec/s]
2026-10-03 18:09:58,311 INFO  [LocalJobRunner Map Task Executor #0] streaming.PipeMapRed (PipeMapRed.java:maybeLogRecord(554)) - R/W/S=4300000/4290657/0 in:716666=4300000/6 [rec/s] out:715109=4290657/6 [rec/s]
2026-10-03 18:09:58,372 INFO  [LocalJobRunner Map Task Executor #0] streaming.PipeMapRed (PipeMapRed.java:maybeLogRecord(554)) - R/W/S=4400000/4382551/0 in:733333=4400000/6 [rec/s] out:730425=4382551/6 [rec/s]
2026-10-03 18:09:58,437 INFO  [LocalJobRunner Map Task Executor #0] streaming.PipeMapRed (PipeMapRed.java:maybeLogRecord(554)) - R/W/S=4500000/4489196/0 in:750000=4500000/6 [rec/s] out:748199=4489196/6 [rec/s]
2026-10-03 18:09:58,503 INFO  [LocalJobRunner Map Task Executor #0] streaming.PipeMapRed (PipeMapRed.java:maybeLogRecord(554)) - R/W/S=4600000/4591703/0 in:766666=4600000/6 [rec/s] out:765283=4591703/6 [rec/s]
2026-10-03 18:09:58,564 INFO  [LocalJobRunner Map Task Executor #0] streaming.PipeMapRed (PipeMapRed.java:maybeLogRecord(554)) - R/W/S=4700000/4684822/0 in:783333=4700000/6 [rec/s] out:780803=4684822/6 [rec/s]
2026-10-03 18:09:58,637 INFO  [LocalJobRunner Map Task Executor #0] streaming.PipeMapRed (PipeMapRed.java:maybeLogRecord(554)) - R/W/S=4800000/4790464/0 in:800000=4800000/6 [rec/s] out:798410=4790464/6 [rec/s]
2026-10-03 18:09:58,699 INFO  [LocalJobRunner Map Task Executor #0] streaming.PipeMapRed (PipeMapRed.java:maybeLogRecord(554)) - R/W/S=4900000/4882631/0 in:816666=4900000/6 [rec/s] out:813771=4882631/6 [rec/s]
2026-10-03 18:09:58,773 INFO  [LocalJobRunner Map Task Executor #0] streaming.PipeMapRed (PipeMapRed.java:maybeLogRecord(554)) - R/W/S=5000000/4988912/0 in:833333=5000000/6 [rec/s] out:831485=4988912/6 [rec/s]
2026-10-03 18:09:58,831 INFO  [LocalJobRunner Map Task Executor #0] streaming.PipeMapRed (PipeMapRed.java:maybeLogRecord(554)) - R/W/S=5100000/5081568/0 in:850000=5100000/6 [rec/s] out:846928=5081568/6 [rec/s]
2026-10-03 18:09:58,895 INFO  [LocalJobRunner Map Task Executor #0] streaming.PipeMapRed (PipeMapRed.java:maybeLogRecord(554)) - R/W/S=5200000/5185282/0 in:742857=5200000/7 [rec/s] out:740754=5185282/7 [rec/s]
2026-10-03 18:09:58,961 INFO  [LocalJobRunner Map Task Executor #0] streaming.PipeMapRed (PipeMapRed.java:maybeLogRecord(554)) - R/W/S=5300000/5290361/0 in:757142=5300000/7 [rec/s] out:755765=5290361/7 [rec/s]
2026-10-03 18:09:59,021 INFO  [LocalJobRunner Map Task Executor #0] streaming.PipeMapRed (PipeMapRed.java:maybeLogRecord(554)) - R/W/S=5400000/5383951/0 in:771428=5400000/7 [rec/s] out:769136=5383952/7 [rec/s]
2026-10-03 18:09:59,088 INFO  [LocalJobRunner Map Task Executor #0] streaming.PipeMapRed (PipeMapRed.java:maybeLogRecord(554)) - R/W/S=5500000/5488948/0 in:785714=5500000/7 [rec/s] out:784135=5488948/7 [rec/s]
2026-10-03 18:09:59,142 INFO  [LocalJobRunner Map Task Executor #0] streaming.PipeMapRed (PipeMapRed.java:maybeLogRecord(554)) - R/W/S=5600000/5582133/0 in:800000=5600000/7 [rec/s] out:797447=5582133/7 [rec/s]
2026-10-03 18:09:59,209 INFO  [LocalJobRunner Map Task Executor #0] streaming.PipeMapRed (PipeMapRed.java:maybeLogRecord(554)) - R/W/S=5700000/5686097/0 in:814285=5700000/7 [rec/s] out:812304=5686132/7 [rec/s]
2026-10-03 18:09:59,274 INFO  [LocalJobRunner Map Task Executor #0] streaming.PipeMapRed (PipeMapRed.java:maybeLogRecord(554)) - R/W/S=5800000/5791338/0 in:828571=5800000/7 [rec/s] out:827334=5791338/7 [rec/s]
2026-10-03 18:09:59,333 INFO  [LocalJobRunner Map Task Executor #0] streaming.PipeMapRed (PipeMapRed.java:maybeLogRecord(554)) - R/W/S=5900000/5884861/0 in:842857=5900000/7 [rec/s] out:840697=5884885/7 [rec/s]
2026-10-03 18:09:59,401 INFO  [LocalJobRunner Map Task Executor #0] streaming.PipeMapRed (PipeMapRed.java:maybeLogRecord(554)) - R/W/S=6000000/5991909/0 in:857142=6000000/7 [rec/s] out:855987=5991909/7 [rec/s]
2026-10-03 18:09:59,458 INFO  [LocalJobRunner Map Task Executor #0] streaming.PipeMapRed (PipeMapRed.java:maybeLogRecord(554)) - R/W/S=6100000/6085744/0 in:871428=6100000/7 [rec/s] out:869392=6085744/7 [rec/s]
2026-10-03 18:09:59,518 INFO  [LocalJobRunner Map Task Executor #0] streaming.PipeMapRed (PipeMapRed.java:maybeLogRecord(554)) - R/W/S=6200000/6181880/0 in:885714=6200000/7 [rec/s] out:883125=6181880/7 [rec/s]
2026-10-03 18:09:59,590 INFO  [LocalJobRunner Map Task Executor #0] streaming.PipeMapRed (PipeMapRed.java:maybeLogRecord(554)) - R/W/S=6300000/6288124/0 in:900000=6300000/7 [rec/s] out:898308=6288156/7 [rec/s]
2026-10-03 18:09:59,654 INFO  [LocalJobRunner Map Task Executor #0] streaming.PipeMapRed (PipeMapRed.java:maybeLogRecord(554)) - R/W/S=6400000/6383427/0 in:914285=6400000/7 [rec/s] out:911924=6383474/7 [rec/s]
2026-10-03 18:09:59,721 INFO  [LocalJobRunner Map Task Executor #0] streaming.PipeMapRed (PipeMapRed.java:maybeLogRecord(554)) - R/W/S=6500000/6490279/0 in:928571=6500000/7 [rec/s] out:927182=6490279/7 [rec/s]
2026-10-03 18:09:59,780 INFO  [LocalJobRunner Map Task Executor #0] streaming.PipeMapRed (PipeMapRed.java:maybeLogRecord(554)) - R/W/S=6600000/6585367/0 in:942857=6600000/7 [rec/s] out:940766=6585367/7 [rec/s]
2026-10-03 18:09:59,839 INFO  [LocalJobRunner Map Task Executor #0] streaming.PipeMapRed (PipeMapRed.java:maybeLogRecord(554)) - R/W/S=6700000/6681938/0 in:957142=6700000/7 [rec/s] out:954567=6681972/7 [rec/s]
2026-10-03 18:09:59,905 INFO  [LocalJobRunner Map Task Executor #0] streaming.PipeMapRed (PipeMapRed.java:maybeLogRecord(554)) - R/W/S=6800000/6789356/0 in:850000=6800000/8 [rec/s] out:848669=6789356/8 [rec/s]
2026-10-03 18:09:59,923 INFO  [Thread-28] mapred.MapTask (MapTask.java:startSpill(1595)) - Spilling map output
2026-10-03 18:09:59,923 INFO  [Thread-28] mapred.MapTask (MapTask.java:startSpill(1596)) - bufstart = 39879159; bufend = 69155218; bufvoid = 104857600
2026-10-03 18:09:59,923 INFO  [Thread-28] mapred.MapTask (MapTask.java:startSpill(1598)) - kvstart = 9969784(39879136); kvend = 22531688(90126752); length = 13652497/6553600
2026-10-03 18:09:59,923 INFO  [Thread-28] mapred.MapTask (MapTask.java:setEquator(1219)) - (EQUATOR) 79640977 kvi 19910240(79640960)
2026-10-03 18:09:59,971 INFO  [LocalJobRunner Map Task Executor #0] streaming.PipeMapRed (PipeMapRed.java:maybeLogRecord(554)) - R/W/S=6900000/6879200/0 in:862500=6900000/8 [rec/s] out:859900=6879200/8 [rec/s]
2026-10-03 18:10:00,039 INFO  [LocalJobRunner Map Task Executor #0] streaming.PipeMapRed (PipeMapRed.java:maybeLogRecord(554)) - R/W/S=7000000/6987990/0 in:875000=7000000/8 [rec/s] out:873501=6988010/8 [rec/s]
2026-10-03 18:10:00,106 INFO  [LocalJobRunner Map Task Executor #0] streaming.PipeMapRed (PipeMapRed.java:maybeLogRecord(554)) - R/W/S=7100000/7080466/0 in:887500=7100000/8 [rec/s] out:885058=7080466/8 [rec/s]
2026-10-03 18:10:00,192 INFO  [LocalJobRunner Map Task Executor #0] streaming.PipeMapRed (PipeMapRed.java:maybeLogRecord(554)) - R/W/S=7200000/7184427/0 in:900000=7200000/8 [rec/s] out:898055=7184444/8 [rec/s]
2026-10-03 18:10:00,285 INFO  [LocalJobRunner Map Task Executor #0] streaming.PipeMapRed (PipeMapRed.java:maybeLogRecord(554)) - R/W/S=7300000/7296282/0 in:912500=7300000/8 [rec/s] out:912035=7296282/8 [rec/s]
2026-10-03 18:10:00,368 INFO  [LocalJobRunner Map Task Executor #0] streaming.PipeMapRed (PipeMapRed.java:maybeLogRecord(554)) - R/W/S=7400000/7381909/0 in:925000=7400000/8 [rec/s] out:922740=7381922/8 [rec/s]
2026-10-03 18:10:02,603 INFO  [SpillThread] streaming.PipeMapRed (PipeMapRed.java:configure(199)) - PipeMapRed exec [/bin/bash, combiner.sh]
2026-10-03 18:10:02,604 INFO  [SpillThread] Configuration.deprecation (Configuration.java:logDeprecation(1395)) - mapred.skip.reduce.auto.incr.proc.count is deprecated. Instead, use mapreduce.reduce.skip.proc-count.auto-incr
2026-10-03 18:10:02,613 INFO  [SpillThread] streaming.PipeMapRed (PipeMapRed.java:maybeLogRecord(554)) - R/W/S=1/0/0 in:NA [rec/s] out:NA [rec/s]
2026-10-03 18:10:02,613 INFO  [SpillThread] streaming.PipeMapRed (PipeMapRed.java:maybeLogRecord(554)) - R/W/S=10/0/0 in:NA [rec/s] out:NA [rec/s]
2026-10-03 18:10:02,613 INFO  [SpillThread] streaming.PipeMapRed (PipeMapRed.java:maybeLogRecord(554)) - R/W/S=100/0/0 in:NA [rec/s] out:NA [rec/s]
2026-10-03 18:10:02,613 INFO  [SpillThread] streaming.PipeMapRed (PipeMapRed.java:maybeLogRecord(554)) - R/W/S=1000/0/0 in:NA [rec/s] out:NA [rec/s]
2026-10-03 18:10:02,621 INFO  [SpillThread] streaming.PipeMapRed (PipeMapRed.java:maybeLogRecord(554)) - R/W/S=10000/0/0 in:NA [rec/s] out:NA [rec/s]
2026-10-03 18:10:02,658 INFO  [SpillThread] streaming.PipeMapRed (PipeMapRed.java:maybeLogRecord(554)) - R/W/S=100000/0/0 in:NA [rec/s] out:NA [rec/s]
2026-10-03 18:10:02,688 INFO  [SpillThread] streaming.PipeMapRed (PipeMapRed.java:maybeLogRecord(554)) - R/W/S=200000/0/0 in:NA [rec/s] out:NA [rec/s]
2026-10-03 18:10:02,716 INFO  [SpillThread] streaming.PipeMapRed (PipeMapRed.java:maybeLogRecord(554)) - R/W/S=300000/0/0 in:NA [rec/s] out:NA [rec/s]
2026-10-03 18:10:02,740 INFO  [SpillThread] streaming.PipeMapRed (PipeMapRed.java:maybeLogRecord(554)) - R/W/S=400000/0/0 in:NA [rec/s] out:NA [rec/s]
2026-10-03 18:10:02,768 INFO  [SpillThread] streaming.PipeMapRed (PipeMapRed.java:maybeLogRecord(554)) - R/W/S=500000/0/0 in:NA [rec/s] out:NA [rec/s]
2026-10-03 18:10:02,799 INFO  [SpillThread] streaming.PipeMapRed (PipeMapRed.java:maybeLogRecord(554)) - R/W/S=600000/0/0 in:NA [rec/s] out:NA [rec/s]
2026-10-03 18:10:02,830 INFO  [SpillThread] streaming.PipeMapRed (PipeMapRed.java:maybeLogRecord(554)) - R/W/S=700000/0/0 in:NA [rec/s] out:NA [rec/s]
2026-10-03 18:10:02,859 INFO  [SpillThread] streaming.PipeMapRed (PipeMapRed.java:maybeLogRecord(554)) - R/W/S=800000/0/0 in:NA [rec/s] out:NA [rec/s]
2026-10-03 18:10:02,887 INFO  [SpillThread] streaming.PipeMapRed (PipeMapRed.java:maybeLogRecord(554)) - R/W/S=900000/0/0 in:NA [rec/s] out:NA [rec/s]
2026-10-03 18:10:02,912 INFO  [SpillThread] streaming.PipeMapRed (PipeMapRed.java:maybeLogRecord(554)) - R/W/S=1000000/0/0 in:NA [rec/s] out:NA [rec/s]
2026-10-03 18:10:02,938 INFO  [SpillThread] streaming.PipeMapRed (PipeMapRed.java:maybeLogRecord(554)) - R/W/S=1100000/0/0 in:NA [rec/s] out:NA [rec/s]
2026-10-03 18:10:02,964 INFO  [SpillThread] streaming.PipeMapRed (PipeMapRed.java:maybeLogRecord(554)) - R/W/S=1200000/0/0 in:NA [rec/s] out:NA [rec/s]
2026-10-03 18:10:02,991 INFO  [SpillThread] streaming.PipeMapRed (PipeMapRed.java:maybeLogRecord(554)) - R/W/S=1300000/0/0 in:NA [rec/s] out:NA [rec/s]
2026-10-03 18:10:03,018 INFO  [SpillThread] streaming.PipeMapRed (PipeMapRed.java:maybeLogRecord(554)) - R/W/S=1400000/0/0 in:NA [rec/s] out:NA [rec/s]
2026-10-03 18:10:03,046 INFO  [SpillThread] streaming.PipeMapRed (PipeMapRed.java:maybeLogRecord(554)) - R/W/S=1500000/0/0 in:NA [rec/s] out:NA [rec/s]
2026-10-03 18:10:03,072 INFO  [SpillThread] streaming.PipeMapRed (PipeMapRed.java:maybeLogRecord(554)) - R/W/S=1600000/0/0 in:NA [rec/s] out:NA [rec/s]
2026-10-03 18:10:03,100 INFO  [SpillThread] streaming.PipeMapRed (PipeMapRed.java:maybeLogRecord(554)) - R/W/S=1700000/0/0 in:NA [rec/s] out:NA [rec/s]
2026-10-03 18:10:03,126 INFO  [SpillThread] streaming.PipeMapRed (PipeMapRed.java:maybeLogRecord(554)) - R/W/S=1800000/0/0 in:NA [rec/s] out:NA [rec/s]
2026-10-03 18:10:03,153 INFO  [SpillThread] streaming.PipeMapRed (PipeMapRed.java:maybeLogRecord(554)) - R/W/S=1900000/0/0 in:NA [rec/s] out:NA [rec/s]
2026-10-03 18:10:03,178 INFO  [SpillThread] streaming.PipeMapRed (PipeMapRed.java:maybeLogRecord(554)) - R/W/S=2000000/0/0 in:NA [rec/s] out:NA [rec/s]
2026-10-03 18:10:03,201 INFO  [SpillThread] streaming.PipeMapRed (PipeMapRed.java:maybeLogRecord(554)) - R/W/S=2100000/0/0 in:NA [rec/s] out:NA [rec/s]
2026-10-03 18:10:03,226 INFO  [SpillThread] streaming.PipeMapRed (PipeMapRed.java:maybeLogRecord(554)) - R/W/S=2200000/0/0 in:NA [rec/s] out:NA [rec/s]
2026-10-03 18:10:03,251 INFO  [SpillThread] streaming.PipeMapRed (PipeMapRed.java:maybeLogRecord(554)) - R/W/S=2300000/0/0 in:NA [rec/s] out:NA [rec/s]
2026-10-03 18:10:03,277 INFO  [SpillThread] streaming.PipeMapRed (PipeMapRed.java:maybeLogRecord(554)) - R/W/S=2400000/0/0 in:NA [rec/s] out:NA [rec/s]
2026-10-03 18:10:03,304 INFO  [SpillThread] streaming.PipeMapRed (PipeMapRed.java:maybeLogRecord(554)) - R/W/S=2500000/0/0 in:NA [rec/s] out:NA [rec/s]
2026-10-03 18:10:03,331 INFO  [SpillThread] streaming.PipeMapRed (PipeMapRed.java:maybeLogRecord(554)) - R/W/S=2600000/0/0 in:NA [rec/s] out:NA [rec/s]
2026-10-03 18:10:03,357 INFO  [SpillThread] streaming.PipeMapRed (PipeMapRed.java:maybeLogRecord(554)) - R/W/S=2700000/0/0 in:NA [rec/s] out:NA [rec/s]
2026-10-03 18:10:03,383 INFO  [SpillThread] streaming.PipeMapRed (PipeMapRed.java:maybeLogRecord(554)) - R/W/S=2800000/0/0 in:NA [rec/s] out:NA [rec/s]
2026-10-03 18:10:03,411 INFO  [SpillThread] streaming.PipeMapRed (PipeMapRed.java:maybeLogRecord(554)) - R/W/S=2900000/0/0 in:NA [rec/s] out:NA [rec/s]
2026-10-03 18:10:03,438 INFO  [SpillThread] streaming.PipeMapRed (PipeMapRed.java:maybeLogRecord(554)) - R/W/S=3000000/0/0 in:NA [rec/s] out:NA [rec/s]
2026-10-03 18:10:03,468 INFO  [SpillThread] streaming.PipeMapRed (PipeMapRed.java:maybeLogRecord(554)) - R/W/S=3100000/0/0 in:NA [rec/s] out:NA [rec/s]
2026-10-03 18:10:03,496 INFO  [SpillThread] streaming.PipeMapRed (PipeMapRed.java:maybeLogRecord(554)) - R/W/S=3200000/0/0 in:NA [rec/s] out:NA [rec/s]
2026-10-03 18:10:03,522 INFO  [SpillThread] streaming.PipeMapRed (PipeMapRed.java:maybeLogRecord(554)) - R/W/S=3300000/0/0 in:NA [rec/s] out:NA [rec/s]
2026-10-03 18:10:03,551 INFO  [SpillThread] streaming.PipeMapRed (PipeMapRed.java:maybeLogRecord(554)) - R/W/S=3400000/0/0 in:NA [rec/s] out:NA [rec/s]
2026-10-03 18:10:03,557 INFO  [Thread-34] streaming.PipeMapRed (PipeMapRed.java:run(396)) - Records R/W=3413125/1
2026-10-03 18:10:03,562 INFO  [Thread-35] streaming.PipeMapRed (PipeMapRed.java:run(466)) - MRErrorThread done
2026-10-03 18:10:03,563 INFO  [SpillThread] streaming.PipeMapRed (PipeMapRed.java:mapRedFinished(544)) - mapRedFinished
2026-10-03 18:10:03,564 INFO  [SpillThread] mapred.MapTask (MapTask.java:sortAndSpill(1696)) - Finished spill 1
2026-10-03 18:10:03,564 INFO  [Thread-28] mapred.MapTask (MapTask.java:resetSpill(1236)) - (RESET) equator 79640977 kv 19910240(79640960) kvi 17288812(69155248)
2026-10-03 18:10:03,564 INFO  [Thread-28] streaming.PipeMapRed (PipeMapRed.java:run(396)) - Records R/W=7494149/7474275
2026-10-03 18:10:03,569 INFO  [LocalJobRunner Map Task Executor #0] streaming.PipeMapRed (PipeMapRed.java:maybeLogRecord(554)) - R/W/S=7500000/7488681/0 in:681818=7500000/11 [rec/s] out:680795=7488754/11 [rec/s]
2026-10-03 18:10:03,625 INFO  [LocalJobRunner Map Task Executor #0] streaming.PipeMapRed (PipeMapRed.java:maybeLogRecord(554)) - R/W/S=7600000/7580536/0 in:690909=7600000/11 [rec/s] out:689139=7580536/11 [rec/s]
2026-10-03 18:10:03,695 INFO  [LocalJobRunner Map Task Executor #0] streaming.PipeMapRed (PipeMapRed.java:maybeLogRecord(554)) - R/W/S=7700000/7685684/0 in:700000=7700000/11 [rec/s] out:698698=7685684/11 [rec/s]
2026-10-03 18:10:03,756 INFO  [communication thread] mapred.LocalJobRunner (LocalJobRunner.java:statusUpdate(634)) - Records R/W=7494149/7474275 > map
2026-10-03 18:10:03,768 INFO  [LocalJobRunner Map Task Executor #0] streaming.PipeMapRed (PipeMapRed.java:maybeLogRecord(554)) - R/W/S=7800000/7789094/0 in:709090=7800000/11 [rec/s] out:708099=7789094/11 [rec/s]
2026-10-03 18:10:03,822 INFO  [LocalJobRunner Map Task Executor #0] streaming.PipeMapRed (PipeMapRed.java:maybeLogRecord(554)) - R/W/S=7900000/7883343/0 in:718181=7900000/11 [rec/s] out:716667=7883343/11 [rec/s]
2026-10-03 18:10:03,887 INFO  [LocalJobRunner Map Task Executor #0] streaming.PipeMapRed (PipeMapRed.java:maybeLogRecord(554)) - R/W/S=8000000/7986632/0 in:727272=8000000/11 [rec/s] out:726057=7986632/11 [rec/s]
2026-10-03 18:10:03,945 INFO  [LocalJobRunner Map Task Executor #0] streaming.PipeMapRed (PipeMapRed.java:maybeLogRecord(554)) - R/W/S=8100000/8080121/0 in:675000=8100000/12 [rec/s] out:673343=8080121/12 [rec/s]
2026-10-03 18:10:04,017 INFO  [LocalJobRunner Map Task Executor #0] streaming.PipeMapRed (PipeMapRed.java:maybeLogRecord(554)) - R/W/S=8200000/8183508/0 in:683333=8200000/12 [rec/s] out:681959=8183508/12 [rec/s]
2026-10-03 18:10:04,091 INFO  [LocalJobRunner Map Task Executor #0] streaming.PipeMapRed (PipeMapRed.java:maybeLogRecord(554)) - R/W/S=8300000/8291008/0 in:691666=8300000/12 [rec/s] out:690917=8291008/12 [rec/s]
2026-10-03 18:10:04,144 INFO  [LocalJobRunner Map Task Executor #0] streaming.PipeMapRed (PipeMapRed.java:maybeLogRecord(554)) - R/W/S=8400000/8380954/0 in:700000=8400000/12 [rec/s] out:698412=8380954/12 [rec/s]
2026-10-03 18:10:04,209 INFO  [LocalJobRunner Map Task Executor #0] streaming.PipeMapRed (PipeMapRed.java:maybeLogRecord(554)) - R/W/S=8500000/8488986/0 in:708333=8500000/12 [rec/s] out:707415=8488986/12 [rec/s]
2026-10-03 18:10:04,267 INFO  [LocalJobRunner Map Task Executor #0] streaming.PipeMapRed (PipeMapRed.java:maybeLogRecord(554)) - R/W/S=8600000/8581222/0 in:716666=8600000/12 [rec/s] out:715101=8581222/12 [rec/s]
2026-10-03 18:10:04,349 INFO  [LocalJobRunner Map Task Executor #0] streaming.PipeMapRed (PipeMapRed.java:maybeLogRecord(554)) - R/W/S=8700000/8684733/0 in:725000=8700000/12 [rec/s] out:723727=8684733/12 [rec/s]
2026-10-03 18:10:04,419 INFO  [LocalJobRunner Map Task Executor #0] streaming.PipeMapRed (PipeMapRed.java:maybeLogRecord(554)) - R/W/S=8800000/8791782/0 in:733333=8800000/12 [rec/s] out:732648=8791782/12 [rec/s]
2026-10-03 18:10:04,485 INFO  [LocalJobRunner Map Task Executor #0] streaming.PipeMapRed (PipeMapRed.java:maybeLogRecord(554)) - R/W/S=8900000/8883503/0 in:741666=8900000/12 [rec/s] out:740291=8883503/12 [rec/s]
2026-10-03 18:10:04,530 INFO  [main] mapreduce.Job (Job.java:monitorAndPrintJob(1647)) -  map 17% reduce 0%
2026-10-03 18:10:04,551 INFO  [LocalJobRunner Map Task Executor #0] streaming.PipeMapRed (PipeMapRed.java:maybeLogRecord(554)) - R/W/S=9000000/8988200/0 in:750000=9000000/12 [rec/s] out:749016=8988200/12 [rec/s]
2026-10-03 18:10:04,607 INFO  [LocalJobRunner Map Task Executor #0] streaming.PipeMapRed (PipeMapRed.java:maybeLogRecord(554)) - R/W/S=9100000/9082730/0 in:758333=9100000/12 [rec/s] out:756894=9082730/12 [rec/s]
2026-10-03 18:10:04,675 INFO  [LocalJobRunner Map Task Executor #0] streaming.PipeMapRed (PipeMapRed.java:maybeLogRecord(554)) - R/W/S=9200000/9184002/0 in:766666=9200000/12 [rec/s] out:765334=9184016/12 [rec/s]
2026-10-03 18:10:04,736 INFO  [LocalJobRunner Map Task Executor #0] streaming.PipeMapRed (PipeMapRed.java:maybeLogRecord(554)) - R/W/S=9300000/9290917/0 in:775000=9300000/12 [rec/s] out:774243=9290917/12 [rec/s]
2026-10-03 18:10:04,792 INFO  [LocalJobRunner Map Task Executor #0] streaming.PipeMapRed (PipeMapRed.java:maybeLogRecord(554)) - R/W/S=9400000/9381489/0 in:783333=9400000/12 [rec/s] out:781790=9381489/12 [rec/s]
2026-10-03 18:10:04,854 INFO  [LocalJobRunner Map Task Executor #0] streaming.PipeMapRed (PipeMapRed.java:maybeLogRecord(554)) - R/W/S=9500000/9488470/0 in:791666=9500000/12 [rec/s] out:790705=9488470/12 [rec/s]
2026-10-03 18:10:04,913 INFO  [LocalJobRunner Map Task Executor #0] streaming.PipeMapRed (PipeMapRed.java:maybeLogRecord(554)) - R/W/S=9600000/9581956/0 in:738461=9600000/13 [rec/s] out:737073=9581956/13 [rec/s]
2026-10-03 18:10:04,980 INFO  [LocalJobRunner Map Task Executor #0] streaming.PipeMapRed (PipeMapRed.java:maybeLogRecord(554)) - R/W/S=9700000/9686633/0 in:746153=9700000/13 [rec/s] out:745125=9686633/13 [rec/s]
2026-10-03 18:10:05,045 INFO  [LocalJobRunner Map Task Executor #0] streaming.PipeMapRed (PipeMapRed.java:maybeLogRecord(554)) - R/W/S=9800000/9789290/0 in:753846=9800000/13 [rec/s] out:753023=9789305/13 [rec/s]
2026-10-03 18:10:05,105 INFO  [LocalJobRunner Map Task Executor #0] streaming.PipeMapRed (PipeMapRed.java:maybeLogRecord(554)) - R/W/S=9900000/9883857/0 in:761538=9900000/13 [rec/s] out:760296=9883857/13 [rec/s]
2026-10-03 18:10:05,169 INFO  [LocalJobRunner Map Task Executor #0] streaming.PipeMapRed (PipeMapRed.java:maybeLogRecord(554)) - R/W/S=10000000/9991884/0 in:769230=10000000/13 [rec/s] out:768606=9991884/13 [rec/s]
2026-10-03 18:10:05,227 INFO  [LocalJobRunner Map Task Executor #0] streaming.PipeMapRed (PipeMapRed.java:maybeLogRecord(554)) - R/W/S=10100000/10086709/0 in:776923=10100000/13 [rec/s] out:775900=10086709/13 [rec/s]
2026-10-03 18:10:05,293 INFO  [LocalJobRunner Map Task Executor #0] streaming.PipeMapRed (PipeMapRed.java:maybeLogRecord(554)) - R/W/S=10200000/10182124/0 in:784615=10200000/13 [rec/s] out:783240=10182124/13 [rec/s]
2026-10-03 18:10:05,320 INFO  [Thread-28] mapred.MapTask (MapTask.java:startSpill(1595)) - Spilling map output
2026-10-03 18:10:05,320 INFO  [Thread-28] mapred.MapTask (MapTask.java:startSpill(1596)) - bufstart = 79640977; bufend = 4133563; bufvoid = 104857600
2026-10-03 18:10:05,320 INFO  [Thread-28] mapred.MapTask (MapTask.java:startSpill(1598)) - kvstart = 19910240(79640960); kvend = 6276272(25105088); length = 13633969/6553600
2026-10-03 18:10:05,320 INFO  [Thread-28] mapred.MapTask (MapTask.java:setEquator(1219)) - (EQUATOR) 14619317 kvi 3654824(14619296)
2026-10-03 18:10:05,362 INFO  [LocalJobRunner Map Task Executor #0] streaming.PipeMapRed (PipeMapRed.java:maybeLogRecord(554)) - R/W/S=10300000/10288284/0 in:792307=10300000/13 [rec/s] out:791406=10288284/13 [rec/s]
2026-10-03 18:10:05,427 INFO  [LocalJobRunner Map Task Executor #0] streaming.PipeMapRed (PipeMapRed.java:maybeLogRecord(554)) - R/W/S=10400000/10384383/0 in:800000=10400000/13 [rec/s] out:798799=10384399/13 [rec/s]
2026-10-03 18:10:05,498 INFO  [LocalJobRunner Map Task Executor #0] streaming.PipeMapRed (PipeMapRed.java:maybeLogRecord(554)) - R/W/S=10500000/10490719/0 in:807692=10500000/13 [rec/s] out:806978=10490719/13 [rec/s]
2026-10-03 18:10:05,561 INFO  [LocalJobRunner Map Task Executor #0] streaming.PipeMapRed (PipeMapRed.java:maybeLogRecord(554)) - R/W/S=10600000/10587287/0 in:815384=10600000/13 [rec/s] out:814406=10587287/13 [rec/s]
2026-10-03 18:10:05,621 INFO  [LocalJobRunner Map Task Executor #0] streaming.PipeMapRed (PipeMapRed.java:maybeLogRecord(554)) - R/W/S=10700000/10682189/0 in:823076=10700000/13 [rec/s] out:821706=10682189/13 [rec/s]
2026-10-03 18:10:05,685 INFO  [LocalJobRunner Map Task Executor #0] streaming.PipeMapRed (PipeMapRed.java:maybeLogRecord(554)) - R/W/S=10800000/10790545/0 in:830769=10800000/13 [rec/s] out:830042=10790557/13 [rec/s]
2026-10-03 18:10:05,743 INFO  [LocalJobRunner Map Task Executor #0] streaming.PipeMapRed (PipeMapRed.java:maybeLogRecord(554)) - R/W/S=10900000/10882767/0 in:838461=10900000/13 [rec/s] out:837135=10882767/13 [rec/s]
2026-10-03 18:10:07,744 INFO  [SpillThread] streaming.PipeMapRed (PipeMapRed.java:configure(199)) - PipeMapRed exec [/bin/bash, combiner.sh]
2026-10-03 18:10:07,752 INFO  [SpillThread] streaming.PipeMapRed (PipeMapRed.java:maybeLogRecord(554)) - R/W/S=1/0/0 in:NA [rec/s] out:NA [rec/s]
2026-10-03 18:10:07,752 INFO  [SpillThread] streaming.PipeMapRed (PipeMapRed.java:maybeLogRecord(554)) - R/W/S=10/0/0 in:NA [rec/s] out:NA [rec/s]
2026-10-03 18:10:07,752 INFO  [SpillThread] streaming.PipeMapRed (PipeMapRed.java:maybeLogRecord(554)) - R/W/S=100/0/0 in:NA [rec/s] out:NA [rec/s]
2026-10-03 18:10:07,753 INFO  [SpillThread] streaming.PipeMapRed (PipeMapRed.java:maybeLogRecord(554)) - R/W/S=1000/0/0 in:NA [rec/s] out:NA [rec/s]
2026-10-03 18:10:07,757 INFO  [SpillThread] streaming.PipeMapRed (PipeMapRed.java:maybeLogRecord(554)) - R/W/S=10000/0/0 in:NA [rec/s] out:NA [rec/s]
2026-10-03 18:10:07,787 INFO  [SpillThread] streaming.PipeMapRed (PipeMapRed.java:maybeLogRecord(554)) - R/W/S=100000/0/0 in:NA [rec/s] out:NA [rec/s]
2026-10-03 18:10:07,818 INFO  [SpillThread] streaming.PipeMapRed (PipeMapRed.java:maybeLogRecord(554)) - R/W/S=200000/0/0 in:NA [rec/s] out:NA [rec/s]
2026-10-03 18:10:07,843 INFO  [SpillThread] streaming.PipeMapRed (PipeMapRed.java:maybeLogRecord(554)) - R/W/S=300000/0/0 in:NA [rec/s] out:NA [rec/s]
2026-10-03 18:10:07,866 INFO  [SpillThread] streaming.PipeMapRed (PipeMapRed.java:maybeLogRecord(554)) - R/W/S=400000/0/0 in:NA [rec/s] out:NA [rec/s]
2026-10-03 18:10:07,896 INFO  [SpillThread] streaming.PipeMapRed (PipeMapRed.java:maybeLogRecord(554)) - R/W/S=500000/0/0 in:NA [rec/s] out:NA [rec/s]
2026-10-03 18:10:07,925 INFO  [SpillThread] streaming.PipeMapRed (PipeMapRed.java:maybeLogRecord(554)) - R/W/S=600000/0/0 in:NA [rec/s] out:NA [rec/s]
2026-10-03 18:10:07,950 INFO  [SpillThread] streaming.PipeMapRed (PipeMapRed.java:maybeLogRecord(554)) - R/W/S=700000/0/0 in:NA [rec/s] out:NA [rec/s]
2026-10-03 18:10:07,979 INFO  [SpillThread] streaming.PipeMapRed (PipeMapRed.java:maybeLogRecord(554)) - R/W/S=800000/0/0 in:NA [rec/s] out:NA [rec/s]
2026-10-03 18:10:08,010 INFO  [SpillThread] streaming.PipeMapRed (PipeMapRed.java:maybeLogRecord(554)) - R/W/S=900000/0/0 in:NA [rec/s] out:NA [rec/s]
2026-10-03 18:10:08,038 INFO  [SpillThread] streaming.PipeMapRed (PipeMapRed.java:maybeLogRecord(554)) - R/W/S=1000000/0/0 in:NA [rec/s] out:NA [rec/s]
2026-10-03 18:10:08,063 INFO  [SpillThread] streaming.PipeMapRed (PipeMapRed.java:maybeLogRecord(554)) - R/W/S=1100000/0/0 in:NA [rec/s] out:NA [rec/s]
2026-10-03 18:10:08,093 INFO  [SpillThread] streaming.PipeMapRed (PipeMapRed.java:maybeLogRecord(554)) - R/W/S=1200000/0/0 in:NA [rec/s] out:NA [rec/s]
2026-10-03 18:10:08,123 INFO  [SpillThread] streaming.PipeMapRed (PipeMapRed.java:maybeLogRecord(554)) - R/W/S=1300000/0/0 in:NA [rec/s] out:NA [rec/s]
2026-10-03 18:10:08,152 INFO  [SpillThread] streaming.PipeMapRed (PipeMapRed.java:maybeLogRecord(554)) - R/W/S=1400000/0/0 in:NA [rec/s] out:NA [rec/s]
2026-10-03 18:10:08,186 INFO  [SpillThread] streaming.PipeMapRed (PipeMapRed.java:maybeLogRecord(554)) - R/W/S=1500000/0/0 in:NA [rec/s] out:NA [rec/s]
2026-10-03 18:10:08,217 INFO  [SpillThread] streaming.PipeMapRed (PipeMapRed.java:maybeLogRecord(554)) - R/W/S=1600000/0/0 in:NA [rec/s] out:NA [rec/s]
2026-10-03 18:10:08,249 INFO  [SpillThread] streaming.PipeMapRed (PipeMapRed.java:maybeLogRecord(554)) - R/W/S=1700000/0/0 in:NA [rec/s] out:NA [rec/s]
2026-10-03 18:10:08,286 INFO  [SpillThread] streaming.PipeMapRed (PipeMapRed.java:maybeLogRecord(554)) - R/W/S=1800000/0/0 in:NA [rec/s] out:NA [rec/s]
2026-10-03 18:10:08,315 INFO  [SpillThread] streaming.PipeMapRed (PipeMapRed.java:maybeLogRecord(554)) - R/W/S=1900000/0/0 in:NA [rec/s] out:NA [rec/s]
2026-10-03 18:10:08,348 INFO  [SpillThread] streaming.PipeMapRed (PipeMapRed.java:maybeLogRecord(554)) - R/W/S=2000000/0/0 in:NA [rec/s] out:NA [rec/s]
2026-10-03 18:10:08,378 INFO  [SpillThread] streaming.PipeMapRed (PipeMapRed.java:maybeLogRecord(554)) - R/W/S=2100000/0/0 in:NA [rec/s] out:NA [rec/s]
2026-10-03 18:10:08,407 INFO  [SpillThread] streaming.PipeMapRed (PipeMapRed.java:maybeLogRecord(554)) - R/W/S=2200000/0/0 in:NA [rec/s] out:NA [rec/s]
2026-10-03 18:10:08,437 INFO  [SpillThread] streaming.PipeMapRed (PipeMapRed.java:maybeLogRecord(554)) - R/W/S=2300000/0/0 in:NA [rec/s] out:NA [rec/s]
2026-10-03 18:10:08,464 INFO  [SpillThread] streaming.PipeMapRed (PipeMapRed.java:maybeLogRecord(554)) - R/W/S=2400000/0/0 in:NA [rec/s] out:NA [rec/s]
2026-10-03 18:10:08,493 INFO  [SpillThread] streaming.PipeMapRed (PipeMapRed.java:maybeLogRecord(554)) - R/W/S=2500000/0/0 in:NA [rec/s] out:NA [rec/s]
2026-10-03 18:10:08,526 INFO  [SpillThread] streaming.PipeMapRed (PipeMapRed.java:maybeLogRecord(554)) - R/W/S=2600000/0/0 in:NA [rec/s] out:NA [rec/s]
2026-10-03 18:10:08,557 INFO  [SpillThread] streaming.PipeMapRed (PipeMapRed.java:maybeLogRecord(554)) - R/W/S=2700000/0/0 in:NA [rec/s] out:NA [rec/s]
2026-10-03 18:10:08,586 INFO  [SpillThread] streaming.PipeMapRed (PipeMapRed.java:maybeLogRecord(554)) - R/W/S=2800000/0/0 in:NA [rec/s] out:NA [rec/s]
2026-10-03 18:10:08,618 INFO  [SpillThread] streaming.PipeMapRed (PipeMapRed.java:maybeLogRecord(554)) - R/W/S=2900000/0/0 in:NA [rec/s] out:NA [rec/s]
2026-10-03 18:10:08,651 INFO  [SpillThread] streaming.PipeMapRed (PipeMapRed.java:maybeLogRecord(554)) - R/W/S=3000000/0/0 in:NA [rec/s] out:NA [rec/s]
2026-10-03 18:10:08,685 INFO  [SpillThread] streaming.PipeMapRed (PipeMapRed.java:maybeLogRecord(554)) - R/W/S=3100000/0/0 in:NA [rec/s] out:NA [rec/s]
2026-10-03 18:10:08,716 INFO  [SpillThread] streaming.PipeMapRed (PipeMapRed.java:maybeLogRecord(554)) - R/W/S=3200000/0/0 in:NA [rec/s] out:NA [rec/s]
2026-10-03 18:10:08,745 INFO  [SpillThread] streaming.PipeMapRed (PipeMapRed.java:maybeLogRecord(554)) - R/W/S=3300000/0/0 in:NA [rec/s] out:NA [rec/s]
2026-10-03 18:10:08,775 INFO  [SpillThread] streaming.PipeMapRed (PipeMapRed.java:maybeLogRecord(554)) - R/W/S=3400000/0/0 in:3400000=3400000/1 [rec/s] out:0=0/1 [rec/s]
2026-10-03 18:10:08,781 INFO  [Thread-37] streaming.PipeMapRed (PipeMapRed.java:run(396)) - Records R/W=3408493/1
2026-10-03 18:10:08,783 INFO  [Thread-38] streaming.PipeMapRed (PipeMapRed.java:run(466)) - MRErrorThread done
2026-10-03 18:10:08,784 INFO  [SpillThread] streaming.PipeMapRed (PipeMapRed.java:mapRedFinished(544)) - mapRedFinished
2026-10-03 18:10:08,784 INFO  [SpillThread] mapred.MapTask (MapTask.java:sortAndSpill(1696)) - Finished spill 2
2026-10-03 18:10:08,785 INFO  [Thread-28] mapred.MapTask (MapTask.java:resetSpill(1236)) - (RESET) equator 14619317 kv 3654824(14619296) kvi 1033396(4133584)
2026-10-03 18:10:08,852 INFO  [LocalJobRunner Map Task Executor #0] streaming.PipeMapRed (PipeMapRed.java:maybeLogRecord(554)) - R/W/S=11000000/10989691/0 in:687500=11000000/16 [rec/s] out:686857=10989717/16 [rec/s]
2026-10-03 18:10:08,916 INFO  [LocalJobRunner Map Task Executor #0] streaming.PipeMapRed (PipeMapRed.java:maybeLogRecord(554)) - R/W/S=11100000/11083656/0 in:652941=11100000/17 [rec/s] out:651979=11083656/17 [rec/s]
2026-10-03 18:10:08,982 INFO  [LocalJobRunner Map Task Executor #0] streaming.PipeMapRed (PipeMapRed.java:maybeLogRecord(554)) - R/W/S=11200000/11187097/0 in:658823=11200000/17 [rec/s] out:658066=11187127/17 [rec/s]
2026-10-03 18:10:09,044 INFO  [LocalJobRunner Map Task Executor #0] streaming.PipeMapRed (PipeMapRed.java:maybeLogRecord(554)) - R/W/S=11300000/11279785/0 in:664705=11300000/17 [rec/s] out:663516=11279785/17 [rec/s]
2026-10-03 18:10:09,109 INFO  [LocalJobRunner Map Task Executor #0] streaming.PipeMapRed (PipeMapRed.java:maybeLogRecord(554)) - R/W/S=11400000/11385844/0 in:670588=11400000/17 [rec/s] out:669755=11385844/17 [rec/s]
2026-10-03 18:10:09,184 INFO  [LocalJobRunner Map Task Executor #0] streaming.PipeMapRed (PipeMapRed.java:maybeLogRecord(554)) - R/W/S=11500000/11490530/0 in:676470=11500000/17 [rec/s] out:675914=11490550/17 [rec/s]
2026-10-03 18:10:09,244 INFO  [LocalJobRunner Map Task Executor #0] streaming.PipeMapRed (PipeMapRed.java:maybeLogRecord(554)) - R/W/S=11600000/11581346/0 in:682352=11600000/17 [rec/s] out:681255=11581346/17 [rec/s]
2026-10-03 18:10:09,309 INFO  [LocalJobRunner Map Task Executor #0] streaming.PipeMapRed (PipeMapRed.java:maybeLogRecord(554)) - R/W/S=11700000/11686168/0 in:688235=11700000/17 [rec/s] out:687421=11686168/17 [rec/s]
2026-10-03 18:10:09,379 INFO  [LocalJobRunner Map Task Executor #0] streaming.PipeMapRed (PipeMapRed.java:maybeLogRecord(554)) - R/W/S=11800000/11790644/0 in:694117=11800000/17 [rec/s] out:693567=11790644/17 [rec/s]
2026-10-03 18:10:09,438 INFO  [LocalJobRunner Map Task Executor #0] streaming.PipeMapRed (PipeMapRed.java:maybeLogRecord(554)) - R/W/S=11900000/11884452/0 in:700000=11900000/17 [rec/s] out:699086=11884468/17 [rec/s]
2026-10-03 18:10:09,507 INFO  [LocalJobRunner Map Task Executor #0] streaming.PipeMapRed (PipeMapRed.java:maybeLogRecord(554)) - R/W/S=12000000/11990017/0 in:705882=12000000/17 [rec/s] out:705295=11990017/17 [rec/s]
2026-10-03 18:10:09,568 INFO  [LocalJobRunner Map Task Executor #0] streaming.PipeMapRed (PipeMapRed.java:maybeLogRecord(554)) - R/W/S=12100000/12084588/0 in:711764=12100000/17 [rec/s] out:710858=12084588/17 [rec/s]
2026-10-03 18:10:09,637 INFO  [LocalJobRunner Map Task Executor #0] streaming.PipeMapRed (PipeMapRed.java:maybeLogRecord(554)) - R/W/S=12200000/12187781/0 in:717647=12200000/17 [rec/s] out:716928=12187781/17 [rec/s]
2026-10-03 18:10:09,696 INFO  [LocalJobRunner Map Task Executor #0] streaming.PipeMapRed (PipeMapRed.java:maybeLogRecord(554)) - R/W/S=12300000/12280236/0 in:723529=12300000/17 [rec/s] out:722366=12280236/17 [rec/s]
2026-10-03 18:10:09,758 INFO  [communication thread] mapred.LocalJobRunner (LocalJobRunner.java:statusUpdate(634)) - Records R/W=3408493/1 > map
2026-10-03 18:10:09,767 INFO  [LocalJobRunner Map Task Executor #0] streaming.PipeMapRed (PipeMapRed.java:maybeLogRecord(554)) - R/W/S=12400000/12384372/0 in:729411=12400000/17 [rec/s] out:728493=12384392/17 [rec/s]
2026-10-03 18:10:09,841 INFO  [LocalJobRunner Map Task Executor #0] streaming.PipeMapRed (PipeMapRed.java:maybeLogRecord(554)) - R/W/S=12500000/12489280/0 in:735294=12500000/17 [rec/s] out:734664=12489304/17 [rec/s]
2026-10-03 18:10:09,904 INFO  [LocalJobRunner Map Task Executor #0] streaming.PipeMapRed (PipeMapRed.java:maybeLogRecord(554)) - R/W/S=12600000/12582982/0 in:700000=12600000/18 [rec/s] out:699056=12583015/18 [rec/s]
2026-10-03 18:10:09,975 INFO  [LocalJobRunner Map Task Executor #0] streaming.PipeMapRed (PipeMapRed.java:maybeLogRecord(554)) - R/W/S=12700000/12687431/0 in:705555=12700000/18 [rec/s] out:704858=12687454/18 [rec/s]
2026-10-03 18:10:10,038 INFO  [LocalJobRunner Map Task Executor #0] streaming.PipeMapRed (PipeMapRed.java:maybeLogRecord(554)) - R/W/S=12800000/12780136/0 in:711111=12800000/18 [rec/s] out:710007=12780136/18 [rec/s]
2026-10-03 18:10:10,115 INFO  [LocalJobRunner Map Task Executor #0] streaming.PipeMapRed (PipeMapRed.java:maybeLogRecord(554)) - R/W/S=12900000/12886708/0 in:716666=12900000/18 [rec/s] out:715929=12886731/18 [rec/s]
2026-10-03 18:10:10,195 INFO  [LocalJobRunner Map Task Executor #0] streaming.PipeMapRed (PipeMapRed.java:maybeLogRecord(554)) - R/W/S=13000000/12989111/0 in:722222=13000000/18 [rec/s] out:721617=12989111/18 [rec/s]
2026-10-03 18:10:10,299 INFO  [LocalJobRunner Map Task Executor #0] streaming.PipeMapRed (PipeMapRed.java:maybeLogRecord(554)) - R/W/S=13100000/13084176/0 in:727777=13100000/18 [rec/s] out:726898=13084176/18 [rec/s]
2026-10-03 18:10:10,395 INFO  [LocalJobRunner Map Task Executor #0] streaming.PipeMapRed (PipeMapRed.java:maybeLogRecord(554)) - R/W/S=13200000/13187866/0 in:733333=13200000/18 [rec/s] out:732659=13187866/18 [rec/s]
2026-10-03 18:10:10,458 INFO  [LocalJobRunner Map Task Executor #0] streaming.PipeMapRed (PipeMapRed.java:maybeLogRecord(554)) - R/W/S=13300000/13281805/0 in:738888=13300000/18 [rec/s] out:737880=13281844/18 [rec/s]
2026-10-03 18:10:10,532 INFO  [main] mapreduce.Job (Job.java:monitorAndPrintJob(1647)) -  map 26% reduce 0%
2026-10-03 18:10:10,535 INFO  [LocalJobRunner Map Task Executor #0] streaming.PipeMapRed (PipeMapRed.java:maybeLogRecord(554)) - R/W/S=13400000/13386150/0 in:744444=13400000/18 [rec/s] out:743675=13386150/18 [rec/s]
2026-10-03 18:10:10,602 INFO  [LocalJobRunner Map Task Executor #0] streaming.PipeMapRed (PipeMapRed.java:maybeLogRecord(554)) - R/W/S=13500000/13490913/0 in:750000=13500000/18 [rec/s] out:749495=13490913/18 [rec/s]
2026-10-03 18:10:10,664 INFO  [LocalJobRunner Map Task Executor #0] streaming.PipeMapRed (PipeMapRed.java:maybeLogRecord(554)) - R/W/S=13600000/13584020/0 in:755555=13600000/18 [rec/s] out:754669=13584042/18 [rec/s]
2026-10-03 18:10:10,702 INFO  [Thread-28] mapred.MapTask (MapTask.java:startSpill(1595)) - Spilling map output
2026-10-03 18:10:10,702 INFO  [Thread-28] mapred.MapTask (MapTask.java:startSpill(1596)) - bufstart = 14619317; bufend = 43941168; bufvoid = 104857600
2026-10-03 18:10:10,702 INFO  [Thread-28] mapred.MapTask (MapTask.java:startSpill(1598)) - kvstart = 3654824(14619296); kvend = 16228176(64912704); length = 13641049/6553600
2026-10-03 18:10:10,702 INFO  [Thread-28] mapred.MapTask (MapTask.java:setEquator(1219)) - (EQUATOR) 54426928 kvi 13606728(54426912)
2026-10-03 18:10:10,742 INFO  [LocalJobRunner Map Task Executor #0] streaming.PipeMapRed (PipeMapRed.java:maybeLogRecord(554)) - R/W/S=13700000/13687184/0 in:761111=13700000/18 [rec/s] out:760399=13687184/18 [rec/s]
2026-10-03 18:10:10,810 INFO  [LocalJobRunner Map Task Executor #0] streaming.PipeMapRed (PipeMapRed.java:maybeLogRecord(554)) - R/W/S=13800000/13778036/0 in:766666=13800000/18 [rec/s] out:765446=13778036/18 [rec/s]
2026-10-03 18:10:10,896 INFO  [LocalJobRunner Map Task Executor #0] streaming.PipeMapRed (PipeMapRed.java:maybeLogRecord(554)) - R/W/S=13900000/13885108/0 in:731578=13900000/19 [rec/s] out:730795=13885108/19 [rec/s]
2026-10-03 18:10:10,987 INFO  [LocalJobRunner Map Task Executor #0] streaming.PipeMapRed (PipeMapRed.java:maybeLogRecord(554)) - R/W/S=14000000/13979141/0 in:736842=14000000/19 [rec/s] out:735746=13979190/19 [rec/s]
2026-10-03 18:10:11,090 INFO  [LocalJobRunner Map Task Executor #0] streaming.PipeMapRed (PipeMapRed.java:maybeLogRecord(554)) - R/W/S=14100000/14087278/0 in:742105=14100000/19 [rec/s] out:741435=14087278/19 [rec/s]
2026-10-03 18:10:11,188 INFO  [LocalJobRunner Map Task Executor #0] streaming.PipeMapRed (PipeMapRed.java:maybeLogRecord(554)) - R/W/S=14200000/14182533/0 in:747368=14200000/19 [rec/s] out:746449=14182533/19 [rec/s]
2026-10-03 18:10:11,300 INFO  [LocalJobRunner Map Task Executor #0] streaming.PipeMapRed (PipeMapRed.java:maybeLogRecord(554)) - R/W/S=14300000/14290427/0 in:752631=14300000/19 [rec/s] out:752128=14290437/19 [rec/s]
2026-10-03 18:10:13,327 INFO  [SpillThread] streaming.PipeMapRed (PipeMapRed.java:configure(199)) - PipeMapRed exec [/bin/bash, combiner.sh]
2026-10-03 18:10:13,336 INFO  [SpillThread] streaming.PipeMapRed (PipeMapRed.java:maybeLogRecord(554)) - R/W/S=1/0/0 in:NA [rec/s] out:NA [rec/s]
2026-10-03 18:10:13,336 INFO  [SpillThread] streaming.PipeMapRed (PipeMapRed.java:maybeLogRecord(554)) - R/W/S=10/0/0 in:NA [rec/s] out:NA [rec/s]
2026-10-03 18:10:13,336 INFO  [SpillThread] streaming.PipeMapRed (PipeMapRed.java:maybeLogRecord(554)) - R/W/S=100/0/0 in:NA [rec/s] out:NA [rec/s]
2026-10-03 18:10:13,336 INFO  [SpillThread] streaming.PipeMapRed (PipeMapRed.java:maybeLogRecord(554)) - R/W/S=1000/0/0 in:NA [rec/s] out:NA [rec/s]
2026-10-03 18:10:13,338 INFO  [SpillThread] streaming.PipeMapRed (PipeMapRed.java:maybeLogRecord(554)) - R/W/S=10000/0/0 in:NA [rec/s] out:NA [rec/s]
2026-10-03 18:10:13,370 INFO  [SpillThread] streaming.PipeMapRed (PipeMapRed.java:maybeLogRecord(554)) - R/W/S=100000/0/0 in:NA [rec/s] out:NA [rec/s]
2026-10-03 18:10:13,401 INFO  [SpillThread] streaming.PipeMapRed (PipeMapRed.java:maybeLogRecord(554)) - R/W/S=200000/0/0 in:NA [rec/s] out:NA [rec/s]
2026-10-03 18:10:13,431 INFO  [SpillThread] streaming.PipeMapRed (PipeMapRed.java:maybeLogRecord(554)) - R/W/S=300000/0/0 in:NA [rec/s] out:NA [rec/s]
2026-10-03 18:10:13,455 INFO  [SpillThread] streaming.PipeMapRed (PipeMapRed.java:maybeLogRecord(554)) - R/W/S=400000/0/0 in:NA [rec/s] out:NA [rec/s]
2026-10-03 18:10:13,482 INFO  [SpillThread] streaming.PipeMapRed (PipeMapRed.java:maybeLogRecord(554)) - R/W/S=500000/0/0 in:NA [rec/s] out:NA [rec/s]
2026-10-03 18:10:13,510 INFO  [SpillThread] streaming.PipeMapRed (PipeMapRed.java:maybeLogRecord(554)) - R/W/S=600000/0/0 in:NA [rec/s] out:NA [rec/s]
2026-10-03 18:10:13,538 INFO  [SpillThread] streaming.PipeMapRed (PipeMapRed.java:maybeLogRecord(554)) - R/W/S=700000/0/0 in:NA [rec/s] out:NA [rec/s]
2026-10-03 18:10:13,568 INFO  [SpillThread] streaming.PipeMapRed (PipeMapRed.java:maybeLogRecord(554)) - R/W/S=800000/0/0 in:NA [rec/s] out:NA [rec/s]
2026-10-03 18:10:13,600 INFO  [SpillThread] streaming.PipeMapRed (PipeMapRed.java:maybeLogRecord(554)) - R/W/S=900000/0/0 in:NA [rec/s] out:NA [rec/s]
2026-10-03 18:10:13,631 INFO  [SpillThread] streaming.PipeMapRed (PipeMapRed.java:maybeLogRecord(554)) - R/W/S=1000000/0/0 in:NA [rec/s] out:NA [rec/s]
2026-10-03 18:10:13,660 INFO  [SpillThread] streaming.PipeMapRed (PipeMapRed.java:maybeLogRecord(554)) - R/W/S=1100000/0/0 in:NA [rec/s] out:NA [rec/s]
2026-10-03 18:10:13,689 INFO  [SpillThread] streaming.PipeMapRed (PipeMapRed.java:maybeLogRecord(554)) - R/W/S=1200000/0/0 in:NA [rec/s] out:NA [rec/s]
2026-10-03 18:10:13,717 INFO  [SpillThread] streaming.PipeMapRed (PipeMapRed.java:maybeLogRecord(554)) - R/W/S=1300000/0/0 in:NA [rec/s] out:NA [rec/s]
2026-10-03 18:10:13,745 INFO  [SpillThread] streaming.PipeMapRed (PipeMapRed.java:maybeLogRecord(554)) - R/W/S=1400000/0/0 in:NA [rec/s] out:NA [rec/s]
2026-10-03 18:10:13,774 INFO  [SpillThread] streaming.PipeMapRed (PipeMapRed.java:maybeLogRecord(554)) - R/W/S=1500000/0/0 in:NA [rec/s] out:NA [rec/s]
2026-10-03 18:10:13,800 INFO  [SpillThread] streaming.PipeMapRed (PipeMapRed.java:maybeLogRecord(554)) - R/W/S=1600000/0/0 in:NA [rec/s] out:NA [rec/s]
2026-10-03 18:10:13,827 INFO  [SpillThread] streaming.PipeMapRed (PipeMapRed.java:maybeLogRecord(554)) - R/W/S=1700000/0/0 in:NA [rec/s] out:NA [rec/s]
2026-10-03 18:10:13,856 INFO  [SpillThread] streaming.PipeMapRed (PipeMapRed.java:maybeLogRecord(554)) - R/W/S=1800000/0/0 in:NA [rec/s] out:NA [rec/s]
2026-10-03 18:10:13,887 INFO  [SpillThread] streaming.PipeMapRed (PipeMapRed.java:maybeLogRecord(554)) - R/W/S=1900000/0/0 in:NA [rec/s] out:NA [rec/s]
2026-10-03 18:10:13,915 INFO  [SpillThread] streaming.PipeMapRed (PipeMapRed.java:maybeLogRecord(554)) - R/W/S=2000000/0/0 in:NA [rec/s] out:NA [rec/s]
2026-10-03 18:10:13,940 INFO  [SpillThread] streaming.PipeMapRed (PipeMapRed.java:maybeLogRecord(554)) - R/W/S=2100000/0/0 in:NA [rec/s] out:NA [rec/s]
2026-10-03 18:10:13,963 INFO  [SpillThread] streaming.PipeMapRed (PipeMapRed.java:maybeLogRecord(554)) - R/W/S=2200000/0/0 in:NA [rec/s] out:NA [rec/s]
2026-10-03 18:10:13,984 INFO  [SpillThread] streaming.PipeMapRed (PipeMapRed.java:maybeLogRecord(554)) - R/W/S=2300000/0/0 in:NA [rec/s] out:NA [rec/s]
2026-10-03 18:10:14,010 INFO  [SpillThread] streaming.PipeMapRed (PipeMapRed.java:maybeLogRecord(554)) - R/W/S=2400000/0/0 in:NA [rec/s] out:NA [rec/s]
2026-10-03 18:10:14,035 INFO  [SpillThread] streaming.PipeMapRed (PipeMapRed.java:maybeLogRecord(554)) - R/W/S=2500000/0/0 in:NA [rec/s] out:NA [rec/s]
2026-10-03 18:10:14,062 INFO  [SpillThread] streaming.PipeMapRed (PipeMapRed.java:maybeLogRecord(554)) - R/W/S=2600000/0/0 in:NA [rec/s] out:NA [rec/s]
2026-10-03 18:10:14,089 INFO  [SpillThread] streaming.PipeMapRed (PipeMapRed.java:maybeLogRecord(554)) - R/W/S=2700000/0/0 in:NA [rec/s] out:NA [rec/s]
2026-10-03 18:10:14,117 INFO  [SpillThread] streaming.PipeMapRed (PipeMapRed.java:maybeLogRecord(554)) - R/W/S=2800000/0/0 in:NA [rec/s] out:NA [rec/s]
2026-10-03 18:10:14,142 INFO  [SpillThread] streaming.PipeMapRed (PipeMapRed.java:maybeLogRecord(554)) - R/W/S=2900000/0/0 in:NA [rec/s] out:NA [rec/s]
2026-10-03 18:10:14,170 INFO  [SpillThread] streaming.PipeMapRed (PipeMapRed.java:maybeLogRecord(554)) - R/W/S=3000000/0/0 in:NA [rec/s] out:NA [rec/s]
2026-10-03 18:10:14,199 INFO  [SpillThread] streaming.PipeMapRed (PipeMapRed.java:maybeLogRecord(554)) - R/W/S=3100000/0/0 in:NA [rec/s] out:NA [rec/s]
2026-10-03 18:10:14,228 INFO  [SpillThread] streaming.PipeMapRed (PipeMapRed.java:maybeLogRecord(554)) - R/W/S=3200000/0/0 in:NA [rec/s] out:NA [rec/s]
2026-10-03 18:10:14,251 INFO  [SpillThread] streaming.PipeMapRed (PipeMapRed.java:maybeLogRecord(554)) - R/W/S=3300000/0/0 in:NA [rec/s] out:NA [rec/s]
2026-10-03 18:10:14,279 INFO  [SpillThread] streaming.PipeMapRed (PipeMapRed.java:maybeLogRecord(554)) - R/W/S=3400000/0/0 in:NA [rec/s] out:NA [rec/s]
2026-10-03 18:10:14,284 INFO  [Thread-40] streaming.PipeMapRed (PipeMapRed.java:run(396)) - Records R/W=3410263/1
2026-10-03 18:10:14,286 INFO  [Thread-41] streaming.PipeMapRed (PipeMapRed.java:run(466)) - MRErrorThread done
2026-10-03 18:10:14,287 INFO  [SpillThread] streaming.PipeMapRed (PipeMapRed.java:mapRedFinished(544)) - mapRedFinished
2026-10-03 18:10:14,287 INFO  [SpillThread] mapred.MapTask (MapTask.java:sortAndSpill(1696)) - Finished spill 3
2026-10-03 18:10:14,288 INFO  [Thread-28] mapred.MapTask (MapTask.java:resetSpill(1236)) - (RESET) equator 54426928 kv 13606728(54426912) kvi 10985296(43941184)
2026-10-03 18:10:14,288 INFO  [Thread-28] streaming.PipeMapRed (PipeMapRed.java:run(396)) - Records R/W=14314602/14293032
2026-10-03 18:10:14,338 INFO  [LocalJobRunner Map Task Executor #0] streaming.PipeMapRed (PipeMapRed.java:maybeLogRecord(554)) - R/W/S=14400000/14386239/0 in:654545=14400000/22 [rec/s] out:653919=14386239/22 [rec/s]
2026-10-03 18:10:14,400 INFO  [LocalJobRunner Map Task Executor #0] streaming.PipeMapRed (PipeMapRed.java:maybeLogRecord(554)) - R/W/S=14500000/14481283/0 in:659090=14500000/22 [rec/s] out:658240=14481283/22 [rec/s]
2026-10-03 18:10:14,471 INFO  [LocalJobRunner Map Task Executor #0] streaming.PipeMapRed (PipeMapRed.java:maybeLogRecord(554)) - R/W/S=14600000/14590007/0 in:663636=14600000/22 [rec/s] out:663182=14590007/22 [rec/s]
2026-10-03 18:10:14,527 INFO  [LocalJobRunner Map Task Executor #0] streaming.PipeMapRed (PipeMapRed.java:maybeLogRecord(554)) - R/W/S=14700000/14683543/0 in:668181=14700000/22 [rec/s] out:667433=14683543/22 [rec/s]
2026-10-03 18:10:14,594 INFO  [LocalJobRunner Map Task Executor #0] streaming.PipeMapRed (PipeMapRed.java:maybeLogRecord(554)) - R/W/S=14800000/14789940/0 in:672727=14800000/22 [rec/s] out:672270=14789940/22 [rec/s]
2026-10-03 18:10:14,647 INFO  [LocalJobRunner Map Task Executor #0] streaming.PipeMapRed (PipeMapRed.java:maybeLogRecord(554)) - R/W/S=14900000/14881797/0 in:677272=14900000/22 [rec/s] out:676445=14881797/22 [rec/s]
2026-10-03 18:10:14,711 INFO  [LocalJobRunner Map Task Executor #0] streaming.PipeMapRed (PipeMapRed.java:maybeLogRecord(554)) - R/W/S=15000000/14987881/0 in:681818=15000000/22 [rec/s] out:681268=14987901/22 [rec/s]
2026-10-03 18:10:14,770 INFO  [LocalJobRunner Map Task Executor #0] streaming.PipeMapRed (PipeMapRed.java:maybeLogRecord(554)) - R/W/S=15100000/15080886/0 in:686363=15100000/22 [rec/s] out:685494=15080886/22 [rec/s]
2026-10-03 18:10:14,833 INFO  [LocalJobRunner Map Task Executor #0] streaming.PipeMapRed (PipeMapRed.java:maybeLogRecord(554)) - R/W/S=15200000/15185056/0 in:690909=15200000/22 [rec/s] out:690229=15185056/22 [rec/s]
2026-10-03 18:10:14,893 INFO  [LocalJobRunner Map Task Executor #0] streaming.PipeMapRed (PipeMapRed.java:maybeLogRecord(554)) - R/W/S=15300000/15290204/0 in:695454=15300000/22 [rec/s] out:695009=15290204/22 [rec/s]
2026-10-03 18:10:14,951 INFO  [LocalJobRunner Map Task Executor #0] streaming.PipeMapRed (PipeMapRed.java:maybeLogRecord(554)) - R/W/S=15400000/15381734/0 in:669565=15400000/23 [rec/s] out:668771=15381734/23 [rec/s]
2026-10-03 18:10:15,014 INFO  [LocalJobRunner Map Task Executor #0] streaming.PipeMapRed (PipeMapRed.java:maybeLogRecord(554)) - R/W/S=15500000/15486508/0 in:673913=15500000/23 [rec/s] out:673326=15486508/23 [rec/s]
2026-10-03 18:10:15,075 INFO  [LocalJobRunner Map Task Executor #0] streaming.PipeMapRed (PipeMapRed.java:maybeLogRecord(554)) - R/W/S=15600000/15591500/0 in:678260=15600000/23 [rec/s] out:677891=15591500/23 [rec/s]
2026-10-03 18:10:15,101 INFO  [Thread-29] streaming.PipeMapRed (PipeMapRed.java:run(466)) - MRErrorThread done
2026-10-03 18:10:15,102 INFO  [LocalJobRunner Map Task Executor #0] streaming.PipeMapRed (PipeMapRed.java:mapRedFinished(544)) - mapRedFinished
2026-10-03 18:10:15,103 INFO  [LocalJobRunner Map Task Executor #0] mapred.LocalJobRunner (LocalJobRunner.java:statusUpdate(634)) - Records R/W=3408493/1 > map
2026-10-03 18:10:15,103 INFO  [LocalJobRunner Map Task Executor #0] mapred.MapTask (MapTask.java:flush(1476)) - Starting flush of map output
2026-10-03 18:10:15,103 INFO  [LocalJobRunner Map Task Executor #0] mapred.MapTask (MapTask.java:flush(1498)) - Spilling map output
2026-10-03 18:10:15,103 INFO  [LocalJobRunner Map Task Executor #0] mapred.MapTask (MapTask.java:flush(1499)) - bufstart = 54426928; bufend = 71303159; bufvoid = 104857600
2026-10-03 18:10:15,103 INFO  [LocalJobRunner Map Task Executor #0] mapred.MapTask (MapTask.java:flush(1501)) - kvstart = 13606728(54426912); kvend = 5691984(22767936); length = 7914745/6553600
2026-10-03 18:10:15,759 INFO  [communication thread] mapred.LocalJobRunner (LocalJobRunner.java:statusUpdate(634)) - Records R/W=14314602/14293032 > sort
2026-10-03 18:10:16,439 INFO  [LocalJobRunner Map Task Executor #0] streaming.PipeMapRed (PipeMapRed.java:configure(199)) - PipeMapRed exec [/bin/bash, combiner.sh]
2026-10-03 18:10:16,449 INFO  [LocalJobRunner Map Task Executor #0] streaming.PipeMapRed (PipeMapRed.java:maybeLogRecord(554)) - R/W/S=1/0/0 in:NA [rec/s] out:NA [rec/s]
2026-10-03 18:10:16,450 INFO  [LocalJobRunner Map Task Executor #0] streaming.PipeMapRed (PipeMapRed.java:maybeLogRecord(554)) - R/W/S=10/0/0 in:NA [rec/s] out:NA [rec/s]
2026-10-03 18:10:16,450 INFO  [LocalJobRunner Map Task Executor #0] streaming.PipeMapRed (PipeMapRed.java:maybeLogRecord(554)) - R/W/S=100/0/0 in:NA [rec/s] out:NA [rec/s]
2026-10-03 18:10:16,450 INFO  [LocalJobRunner Map Task Executor #0] streaming.PipeMapRed (PipeMapRed.java:maybeLogRecord(554)) - R/W/S=1000/0/0 in:NA [rec/s] out:NA [rec/s]
2026-10-03 18:10:16,452 INFO  [LocalJobRunner Map Task Executor #0] streaming.PipeMapRed (PipeMapRed.java:maybeLogRecord(554)) - R/W/S=10000/0/0 in:NA [rec/s] out:NA [rec/s]
2026-10-03 18:10:16,477 INFO  [LocalJobRunner Map Task Executor #0] streaming.PipeMapRed (PipeMapRed.java:maybeLogRecord(554)) - R/W/S=100000/0/0 in:NA [rec/s] out:NA [rec/s]
2026-10-03 18:10:16,501 INFO  [LocalJobRunner Map Task Executor #0] streaming.PipeMapRed (PipeMapRed.java:maybeLogRecord(554)) - R/W/S=200000/0/0 in:NA [rec/s] out:NA [rec/s]
2026-10-03 18:10:16,525 INFO  [LocalJobRunner Map Task Executor #0] streaming.PipeMapRed (PipeMapRed.java:maybeLogRecord(554)) - R/W/S=300000/0/0 in:NA [rec/s] out:NA [rec/s]
2026-10-03 18:10:16,535 INFO  [main] mapreduce.Job (Job.java:monitorAndPrintJob(1647)) -  map 33% reduce 0%
2026-10-03 18:10:16,553 INFO  [LocalJobRunner Map Task Executor #0] streaming.PipeMapRed (PipeMapRed.java:maybeLogRecord(554)) - R/W/S=400000/0/0 in:NA [rec/s] out:NA [rec/s]
2026-10-03 18:10:16,580 INFO  [LocalJobRunner Map Task Executor #0] streaming.PipeMapRed (PipeMapRed.java:maybeLogRecord(554)) - R/W/S=500000/0/0 in:NA [rec/s] out:NA [rec/s]
2026-10-03 18:10:16,605 INFO  [LocalJobRunner Map Task Executor #0] streaming.PipeMapRed (PipeMapRed.java:maybeLogRecord(554)) - R/W/S=600000/0/0 in:NA [rec/s] out:NA [rec/s]
2026-10-03 18:10:16,633 INFO  [LocalJobRunner Map Task Executor #0] streaming.PipeMapRed (PipeMapRed.java:maybeLogRecord(554)) - R/W/S=700000/0/0 in:NA [rec/s] out:NA [rec/s]
2026-10-03 18:10:16,663 INFO  [LocalJobRunner Map Task Executor #0] streaming.PipeMapRed (PipeMapRed.java:maybeLogRecord(554)) - R/W/S=800000/0/0 in:NA [rec/s] out:NA [rec/s]
2026-10-03 18:10:16,694 INFO  [LocalJobRunner Map Task Executor #0] streaming.PipeMapRed (PipeMapRed.java:maybeLogRecord(554)) - R/W/S=900000/0/0 in:NA [rec/s] out:NA [rec/s]
2026-10-03 18:10:16,722 INFO  [LocalJobRunner Map Task Executor #0] streaming.PipeMapRed (PipeMapRed.java:maybeLogRecord(554)) - R/W/S=1000000/0/0 in:NA [rec/s] out:NA [rec/s]
2026-10-03 18:10:16,749 INFO  [LocalJobRunner Map Task Executor #0] streaming.PipeMapRed (PipeMapRed.java:maybeLogRecord(554)) - R/W/S=1100000/0/0 in:NA [rec/s] out:NA [rec/s]
2026-10-03 18:10:16,776 INFO  [LocalJobRunner Map Task Executor #0] streaming.PipeMapRed (PipeMapRed.java:maybeLogRecord(554)) - R/W/S=1200000/0/0 in:NA [rec/s] out:NA [rec/s]
2026-10-03 18:10:16,802 INFO  [LocalJobRunner Map Task Executor #0] streaming.PipeMapRed (PipeMapRed.java:maybeLogRecord(554)) - R/W/S=1300000/0/0 in:NA [rec/s] out:NA [rec/s]
2026-10-03 18:10:16,832 INFO  [LocalJobRunner Map Task Executor #0] streaming.PipeMapRed (PipeMapRed.java:maybeLogRecord(554)) - R/W/S=1400000/0/0 in:NA [rec/s] out:NA [rec/s]
2026-10-03 18:10:16,860 INFO  [LocalJobRunner Map Task Executor #0] streaming.PipeMapRed (PipeMapRed.java:maybeLogRecord(554)) - R/W/S=1500000/0/0 in:NA [rec/s] out:NA [rec/s]
2026-10-03 18:10:16,887 INFO  [LocalJobRunner Map Task Executor #0] streaming.PipeMapRed (PipeMapRed.java:maybeLogRecord(554)) - R/W/S=1600000/0/0 in:NA [rec/s] out:NA [rec/s]
2026-10-03 18:10:16,914 INFO  [LocalJobRunner Map Task Executor #0] streaming.PipeMapRed (PipeMapRed.java:maybeLogRecord(554)) - R/W/S=1700000/0/0 in:NA [rec/s] out:NA [rec/s]
2026-10-03 18:10:16,941 INFO  [LocalJobRunner Map Task Executor #0] streaming.PipeMapRed (PipeMapRed.java:maybeLogRecord(554)) - R/W/S=1800000/0/0 in:NA [rec/s] out:NA [rec/s]
2026-10-03 18:10:16,969 INFO  [LocalJobRunner Map Task Executor #0] streaming.PipeMapRed (PipeMapRed.java:maybeLogRecord(554)) - R/W/S=1900000/0/0 in:NA [rec/s] out:NA [rec/s]
2026-10-03 18:10:16,993 INFO  [Thread-44] streaming.PipeMapRed (PipeMapRed.java:run(396)) - Records R/W=1978687/1
2026-10-03 18:10:16,996 INFO  [Thread-45] streaming.PipeMapRed (PipeMapRed.java:run(466)) - MRErrorThread done
2026-10-03 18:10:16,997 INFO  [LocalJobRunner Map Task Executor #0] streaming.PipeMapRed (PipeMapRed.java:mapRedFinished(544)) - mapRedFinished
2026-10-03 18:10:16,998 INFO  [LocalJobRunner Map Task Executor #0] mapred.MapTask (MapTask.java:sortAndSpill(1696)) - Finished spill 4
2026-10-03 18:10:17,011 INFO  [LocalJobRunner Map Task Executor #0] mapred.Merger (Merger.java:merge(606)) - Merging 5 sorted segments
2026-10-03 18:10:17,023 INFO  [LocalJobRunner Map Task Executor #0] mapred.Merger (Merger.java:merge(705)) - Down to the last merge-pass, with 5 segments left of total size: 327970 bytes
2026-10-03 18:10:17,026 INFO  [LocalJobRunner Map Task Executor #0] streaming.PipeMapRed (PipeMapRed.java:configure(199)) - PipeMapRed exec [/bin/bash, combiner.sh]
2026-10-03 18:10:17,033 INFO  [LocalJobRunner Map Task Executor #0] streaming.PipeMapRed (PipeMapRed.java:maybeLogRecord(554)) - R/W/S=1/0/0 in:NA [rec/s] out:NA [rec/s]
2026-10-03 18:10:17,033 INFO  [LocalJobRunner Map Task Executor #0] streaming.PipeMapRed (PipeMapRed.java:maybeLogRecord(554)) - R/W/S=10/0/0 in:NA [rec/s] out:NA [rec/s]
2026-10-03 18:10:17,034 INFO  [LocalJobRunner Map Task Executor #0] streaming.PipeMapRed (PipeMapRed.java:maybeLogRecord(554)) - R/W/S=100/0/0 in:NA [rec/s] out:NA [rec/s]
2026-10-03 18:10:17,040 INFO  [LocalJobRunner Map Task Executor #0] streaming.PipeMapRed (PipeMapRed.java:maybeLogRecord(554)) - R/W/S=1000/0/0 in:NA [rec/s] out:NA [rec/s]
2026-10-03 18:10:17,054 INFO  [LocalJobRunner Map Task Executor #0] streaming.PipeMapRed (PipeMapRed.java:maybeLogRecord(554)) - R/W/S=10000/0/0 in:NA [rec/s] out:NA [rec/s]
2026-10-03 18:10:17,077 INFO  [Thread-47] streaming.PipeMapRed (PipeMapRed.java:run(396)) - Records R/W=28616/1
2026-10-03 18:10:17,083 INFO  [Thread-48] streaming.PipeMapRed (PipeMapRed.java:run(466)) - MRErrorThread done
2026-10-03 18:10:17,083 INFO  [LocalJobRunner Map Task Executor #0] streaming.PipeMapRed (PipeMapRed.java:mapRedFinished(544)) - mapRedFinished
2026-10-03 18:10:17,087 INFO  [LocalJobRunner Map Task Executor #0] mapred.Task (Task.java:done(1244)) - Task:attempt_local1209709675_0001_m_000000_0 is done. And is in the process of committing
2026-10-03 18:10:17,099 INFO  [LocalJobRunner Map Task Executor #0] mapred.LocalJobRunner (LocalJobRunner.java:statusUpdate(634)) - Records R/W=28616/1 > sort
2026-10-03 18:10:17,100 INFO  [LocalJobRunner Map Task Executor #0] mapred.Task (Task.java:sendDone(1380)) - Task 'attempt_local1209709675_0001_m_000000_0' done.
2026-10-03 18:10:17,141 INFO  [LocalJobRunner Map Task Executor #0] mapred.Task (Task.java:done(1276)) - Final Counters for attempt_local1209709675_0001_m_000000_0: Counters: 24
	File System Counters
		FILE: Number of bytes read=505330
		FILE: Number of bytes written=1108666
		FILE: Number of read operations=0
		FILE: Number of large read operations=0
		FILE: Number of write operations=0
		HDFS: Number of bytes read=134221824
		HDFS: Number of bytes written=0
		HDFS: Number of read operations=5
		HDFS: Number of large read operations=0
		HDFS: Number of write operations=1
		HDFS: Number of bytes read erasure-coded=0
	Map-Reduce Framework
		Map input records=15616360
		Map output records=15616360
		Map output bytes=134217734
		Map output materialized bytes=73162
		Input split bytes=112
		Combine input records=15644976
		Combine output records=34690
		Spilled Records=34690
		Failed Shuffles=0
		Merged Map outputs=0
		GC time elapsed (ms)=54
		Total committed heap usage (bytes)=269484032
	File Input Format Counters
		Bytes Read=134221824
2026-10-03 18:10:17,142 INFO  [LocalJobRunner Map Task Executor #0] mapred.LocalJobRunner (LocalJobRunner.java:run(277)) - Finishing task: attempt_local1209709675_0001_m_000000_0
2026-10-03 18:10:17,142 INFO  [LocalJobRunner Map Task Executor #0] mapred.LocalJobRunner (LocalJobRunner.java:run(252)) - Starting task: attempt_local1209709675_0001_m_000001_0
2026-10-03 18:10:17,144 INFO  [LocalJobRunner Map Task Executor #0] output.FileOutputCommitter (FileOutputCommitter.java:<init>(141)) - File Output Committer Algorithm version is 2
2026-10-03 18:10:17,144 INFO  [LocalJobRunner Map Task Executor #0] output.FileOutputCommitter (FileOutputCommitter.java:<init>(156)) - FileOutputCommitter skip cleanup _temporary folders under output directory:false, ignore cleanup failures: false
2026-10-03 18:10:17,145 INFO  [LocalJobRunner Map Task Executor #0] mapred.Task (Task.java:initialize(626)) -  Using ResourceCalculatorProcessTree : [ ]
2026-10-03 18:10:17,147 INFO  [LocalJobRunner Map Task Executor #0] mapred.MapTask (MapTask.java:updateJobWithSplit(497)) - Processing split: hdfs://namenode:9000/taxi/raw/mapreduce_input/part-00000.tsv:134217728+90073112
2026-10-03 18:10:17,157 INFO  [LocalJobRunner Map Task Executor #0] sasl.SaslDataTransferClient (SaslDataTransferClient.java:checkTrustAndSend(239)) - SASL encryption trust check: localHostTrusted = false, remoteHostTrusted = false
2026-10-03 18:10:17,160 INFO  [LocalJobRunner Map Task Executor #0] mapred.MapTask (MapTask.java:runOldMapper(451)) - numReduceTasks: 1
2026-10-03 18:10:17,167 INFO  [LocalJobRunner Map Task Executor #0] mapred.MapTask (MapTask.java:setEquator(1219)) - (EQUATOR) 0 kvi 26214396(104857584)
2026-10-03 18:10:17,168 INFO  [LocalJobRunner Map Task Executor #0] mapred.MapTask (MapTask.java:init(1012)) - mapreduce.task.io.sort.mb: 100
2026-10-03 18:10:17,168 INFO  [LocalJobRunner Map Task Executor #0] mapred.MapTask (MapTask.java:init(1013)) - soft limit at 83886080
2026-10-03 18:10:17,168 INFO  [LocalJobRunner Map Task Executor #0] mapred.MapTask (MapTask.java:init(1014)) - bufstart = 0; bufvoid = 104857600
2026-10-03 18:10:17,168 INFO  [LocalJobRunner Map Task Executor #0] mapred.MapTask (MapTask.java:init(1015)) - kvstart = 26214396; length = 6553600
2026-10-03 18:10:17,170 INFO  [LocalJobRunner Map Task Executor #0] mapred.MapTask (MapTask.java:createSortingCollector(409)) - Map output collector class = org.apache.hadoop.mapred.MapTask$MapOutputBuffer
2026-10-03 18:10:17,176 INFO  [LocalJobRunner Map Task Executor #0] streaming.PipeMapRed (PipeMapRed.java:configure(199)) - PipeMapRed exec [/bin/bash, mapper.sh]
2026-10-03 18:10:17,186 INFO  [LocalJobRunner Map Task Executor #0] streaming.PipeMapRed (PipeMapRed.java:maybeLogRecord(554)) - R/W/S=1/0/0 in:NA [rec/s] out:NA [rec/s]
2026-10-03 18:10:17,187 INFO  [LocalJobRunner Map Task Executor #0] streaming.PipeMapRed (PipeMapRed.java:maybeLogRecord(554)) - R/W/S=10/0/0 in:NA [rec/s] out:NA [rec/s]
2026-10-03 18:10:17,187 INFO  [LocalJobRunner Map Task Executor #0] streaming.PipeMapRed (PipeMapRed.java:maybeLogRecord(554)) - R/W/S=100/0/0 in:NA [rec/s] out:NA [rec/s]
2026-10-03 18:10:17,188 INFO  [LocalJobRunner Map Task Executor #0] streaming.PipeMapRed (PipeMapRed.java:maybeLogRecord(554)) - R/W/S=1000/0/0 in:NA [rec/s] out:NA [rec/s]
2026-10-03 18:10:17,190 INFO  [LocalJobRunner Map Task Executor #0] streaming.PipeMapRed (PipeMapRed.java:maybeLogRecord(554)) - R/W/S=10000/0/0 in:NA [rec/s] out:NA [rec/s]
2026-10-03 18:10:17,195 INFO  [Thread-52] streaming.PipeMapRed (PipeMapRed.java:run(396)) - Records R/W=14969/1
2026-10-03 18:10:17,420 INFO  [LocalJobRunner Map Task Executor #0] streaming.PipeMapRed (PipeMapRed.java:maybeLogRecord(554)) - R/W/S=100000/85048/0 in:NA [rec/s] out:NA [rec/s]
2026-10-03 18:10:17,497 INFO  [LocalJobRunner Map Task Executor #0] streaming.PipeMapRed (PipeMapRed.java:maybeLogRecord(554)) - R/W/S=200000/187864/0 in:NA [rec/s] out:NA [rec/s]
2026-10-03 18:10:17,536 INFO  [main] mapreduce.Job (Job.java:monitorAndPrintJob(1647)) -  map 100% reduce 0%
2026-10-03 18:10:17,575 INFO  [LocalJobRunner Map Task Executor #0] streaming.PipeMapRed (PipeMapRed.java:maybeLogRecord(554)) - R/W/S=300000/280119/0 in:NA [rec/s] out:NA [rec/s]
2026-10-03 18:10:17,641 INFO  [LocalJobRunner Map Task Executor #0] streaming.PipeMapRed (PipeMapRed.java:maybeLogRecord(554)) - R/W/S=400000/383845/0 in:NA [rec/s] out:NA [rec/s]
2026-10-03 18:10:17,704 INFO  [LocalJobRunner Map Task Executor #0] streaming.PipeMapRed (PipeMapRed.java:maybeLogRecord(554)) - R/W/S=500000/490029/0 in:NA [rec/s] out:NA [rec/s]
2026-10-03 18:10:17,756 INFO  [LocalJobRunner Map Task Executor #0] streaming.PipeMapRed (PipeMapRed.java:maybeLogRecord(554)) - R/W/S=600000/581031/0 in:NA [rec/s] out:NA [rec/s]
2026-10-03 18:10:17,816 INFO  [LocalJobRunner Map Task Executor #0] streaming.PipeMapRed (PipeMapRed.java:maybeLogRecord(554)) - R/W/S=700000/688010/0 in:NA [rec/s] out:NA [rec/s]
2026-10-03 18:10:17,875 INFO  [LocalJobRunner Map Task Executor #0] streaming.PipeMapRed (PipeMapRed.java:maybeLogRecord(554)) - R/W/S=800000/779867/0 in:NA [rec/s] out:NA [rec/s]
2026-10-03 18:10:17,939 INFO  [LocalJobRunner Map Task Executor #0] streaming.PipeMapRed (PipeMapRed.java:maybeLogRecord(554)) - R/W/S=900000/885745/0 in:NA [rec/s] out:NA [rec/s]
2026-10-03 18:10:18,002 INFO  [LocalJobRunner Map Task Executor #0] streaming.PipeMapRed (PipeMapRed.java:maybeLogRecord(554)) - R/W/S=1000000/991133/0 in:NA [rec/s] out:NA [rec/s]
2026-10-03 18:10:18,059 INFO  [LocalJobRunner Map Task Executor #0] streaming.PipeMapRed (PipeMapRed.java:maybeLogRecord(554)) - R/W/S=1100000/1085169/0 in:NA [rec/s] out:NA [rec/s]
2026-10-03 18:10:18,117 INFO  [LocalJobRunner Map Task Executor #0] streaming.PipeMapRed (PipeMapRed.java:maybeLogRecord(554)) - R/W/S=1200000/1189751/0 in:NA [rec/s] out:NA [rec/s]
2026-10-03 18:10:18,174 INFO  [LocalJobRunner Map Task Executor #0] streaming.PipeMapRed (PipeMapRed.java:maybeLogRecord(554)) - R/W/S=1300000/1285521/0 in:NA [rec/s] out:NA [rec/s]
2026-10-03 18:10:18,233 INFO  [LocalJobRunner Map Task Executor #0] streaming.PipeMapRed (PipeMapRed.java:maybeLogRecord(554)) - R/W/S=1400000/1386717/0 in:1400000=1400000/1 [rec/s] out:1386739=1386739/1 [rec/s]
2026-10-03 18:10:18,293 INFO  [LocalJobRunner Map Task Executor #0] streaming.PipeMapRed (PipeMapRed.java:maybeLogRecord(554)) - R/W/S=1500000/1491594/0 in:1500000=1500000/1 [rec/s] out:1491608=1491608/1 [rec/s]
2026-10-03 18:10:18,349 INFO  [LocalJobRunner Map Task Executor #0] streaming.PipeMapRed (PipeMapRed.java:maybeLogRecord(554)) - R/W/S=1600000/1583056/0 in:1600000=1600000/1 [rec/s] out:1583071=1583071/1 [rec/s]
2026-10-03 18:10:18,410 INFO  [LocalJobRunner Map Task Executor #0] streaming.PipeMapRed (PipeMapRed.java:maybeLogRecord(554)) - R/W/S=1700000/1688715/0 in:1700000=1700000/1 [rec/s] out:1688731=1688731/1 [rec/s]
2026-10-03 18:10:18,462 INFO  [LocalJobRunner Map Task Executor #0] streaming.PipeMapRed (PipeMapRed.java:maybeLogRecord(554)) - R/W/S=1800000/1781265/0 in:1800000=1800000/1 [rec/s] out:1781265=1781265/1 [rec/s]
2026-10-03 18:10:18,521 INFO  [LocalJobRunner Map Task Executor #0] streaming.PipeMapRed (PipeMapRed.java:maybeLogRecord(554)) - R/W/S=1900000/1885159/0 in:1900000=1900000/1 [rec/s] out:1885159=1885159/1 [rec/s]
2026-10-03 18:10:18,584 INFO  [LocalJobRunner Map Task Executor #0] streaming.PipeMapRed (PipeMapRed.java:maybeLogRecord(554)) - R/W/S=2000000/1989856/0 in:2000000=2000000/1 [rec/s] out:1989856=1989856/1 [rec/s]
2026-10-03 18:10:18,640 INFO  [LocalJobRunner Map Task Executor #0] streaming.PipeMapRed (PipeMapRed.java:maybeLogRecord(554)) - R/W/S=2100000/2084162/0 in:2100000=2100000/1 [rec/s] out:2084162=2084162/1 [rec/s]
2026-10-03 18:10:18,697 INFO  [LocalJobRunner Map Task Executor #0] streaming.PipeMapRed (PipeMapRed.java:maybeLogRecord(554)) - R/W/S=2200000/2189839/0 in:2200000=2200000/1 [rec/s] out:2189839=2189839/1 [rec/s]
2026-10-03 18:10:18,749 INFO  [LocalJobRunner Map Task Executor #0] streaming.PipeMapRed (PipeMapRed.java:maybeLogRecord(554)) - R/W/S=2300000/2286018/0 in:2300000=2300000/1 [rec/s] out:2286018=2286018/1 [rec/s]
2026-10-03 18:10:18,804 INFO  [LocalJobRunner Map Task Executor #0] streaming.PipeMapRed (PipeMapRed.java:maybeLogRecord(554)) - R/W/S=2400000/2381584/0 in:2400000=2400000/1 [rec/s] out:2381606=2381606/1 [rec/s]
2026-10-03 18:10:18,867 INFO  [LocalJobRunner Map Task Executor #0] streaming.PipeMapRed (PipeMapRed.java:maybeLogRecord(554)) - R/W/S=2500000/2488083/0 in:2500000=2500000/1 [rec/s] out:2488083=2488083/1 [rec/s]
2026-10-03 18:10:18,928 INFO  [LocalJobRunner Map Task Executor #0] streaming.PipeMapRed (PipeMapRed.java:maybeLogRecord(554)) - R/W/S=2600000/2582961/0 in:2600000=2600000/1 [rec/s] out:2582980=2582980/1 [rec/s]
2026-10-03 18:10:18,996 INFO  [LocalJobRunner Map Task Executor #0] streaming.PipeMapRed (PipeMapRed.java:maybeLogRecord(554)) - R/W/S=2700000/2690418/0 in:2700000=2700000/1 [rec/s] out:2690418=2690418/1 [rec/s]
2026-10-03 18:10:19,054 INFO  [LocalJobRunner Map Task Executor #0] streaming.PipeMapRed (PipeMapRed.java:maybeLogRecord(554)) - R/W/S=2800000/2785767/0 in:2800000=2800000/1 [rec/s] out:2785767=2785767/1 [rec/s]
2026-10-03 18:10:19,109 INFO  [LocalJobRunner Map Task Executor #0] streaming.PipeMapRed (PipeMapRed.java:maybeLogRecord(554)) - R/W/S=2900000/2880416/0 in:2900000=2900000/1 [rec/s] out:2880416=2880416/1 [rec/s]
2026-10-03 18:10:19,189 INFO  [LocalJobRunner Map Task Executor #0] streaming.PipeMapRed (PipeMapRed.java:maybeLogRecord(554)) - R/W/S=3000000/2987050/0 in:1500000=3000000/2 [rec/s] out:1493525=2987050/2 [rec/s]
2026-10-03 18:10:19,273 INFO  [LocalJobRunner Map Task Executor #0] streaming.PipeMapRed (PipeMapRed.java:maybeLogRecord(554)) - R/W/S=3100000/3080018/0 in:1550000=3100000/2 [rec/s] out:1540009=3080018/2 [rec/s]
2026-10-03 18:10:19,341 INFO  [LocalJobRunner Map Task Executor #0] streaming.PipeMapRed (PipeMapRed.java:maybeLogRecord(554)) - R/W/S=3200000/3190722/0 in:1600000=3200000/2 [rec/s] out:1595361=3190722/2 [rec/s]
2026-10-03 18:10:19,441 INFO  [LocalJobRunner Map Task Executor #0] streaming.PipeMapRed (PipeMapRed.java:maybeLogRecord(554)) - R/W/S=3300000/3282931/0 in:1650000=3300000/2 [rec/s] out:1641465=3282931/2 [rec/s]
2026-10-03 18:10:19,509 INFO  [LocalJobRunner Map Task Executor #0] streaming.PipeMapRed (PipeMapRed.java:maybeLogRecord(554)) - R/W/S=3400000/3386159/0 in:1700000=3400000/2 [rec/s] out:1693079=3386159/2 [rec/s]
2026-10-03 18:10:19,527 INFO  [Thread-52] mapred.MapTask (MapTask.java:startSpill(1595)) - Spilling map output
2026-10-03 18:10:19,528 INFO  [Thread-52] mapred.MapTask (MapTask.java:startSpill(1596)) - bufstart = 0; bufend = 29280900; bufvoid = 104857600
2026-10-03 18:10:19,528 INFO  [Thread-52] mapred.MapTask (MapTask.java:startSpill(1598)) - kvstart = 26214396(104857584); kvend = 12563104(50252416); length = 13651293/6553600
2026-10-03 18:10:19,529 INFO  [Thread-52] mapred.MapTask (MapTask.java:setEquator(1219)) - (EQUATOR) 39766650 kvi 9941656(39766624)
2026-10-03 18:10:19,591 INFO  [LocalJobRunner Map Task Executor #0] streaming.PipeMapRed (PipeMapRed.java:maybeLogRecord(554)) - R/W/S=3500000/3491049/0 in:1750000=3500000/2 [rec/s] out:1745524=3491049/2 [rec/s]
2026-10-03 18:10:19,673 INFO  [LocalJobRunner Map Task Executor #0] streaming.PipeMapRed (PipeMapRed.java:maybeLogRecord(554)) - R/W/S=3600000/3583834/0 in:1800000=3600000/2 [rec/s] out:1791917=3583834/2 [rec/s]
2026-10-03 18:10:19,744 INFO  [LocalJobRunner Map Task Executor #0] streaming.PipeMapRed (PipeMapRed.java:maybeLogRecord(554)) - R/W/S=3700000/3685287/0 in:1850000=3700000/2 [rec/s] out:1842643=3685287/2 [rec/s]
2026-10-03 18:10:19,807 INFO  [LocalJobRunner Map Task Executor #0] streaming.PipeMapRed (PipeMapRed.java:maybeLogRecord(554)) - R/W/S=3800000/3782249/0 in:1900000=3800000/2 [rec/s] out:1891129=3782259/2 [rec/s]
2026-10-03 18:10:19,877 INFO  [LocalJobRunner Map Task Executor #0] streaming.PipeMapRed (PipeMapRed.java:maybeLogRecord(554)) - R/W/S=3900000/3885798/0 in:1950000=3900000/2 [rec/s] out:1942899=3885798/2 [rec/s]
2026-10-03 18:10:19,942 INFO  [LocalJobRunner Map Task Executor #0] streaming.PipeMapRed (PipeMapRed.java:maybeLogRecord(554)) - R/W/S=4000000/3990471/0 in:2000000=4000000/2 [rec/s] out:1995235=3990471/2 [rec/s]
2026-10-03 18:10:22,326 INFO  [SpillThread] streaming.PipeMapRed (PipeMapRed.java:configure(199)) - PipeMapRed exec [/bin/bash, combiner.sh]
2026-10-03 18:10:22,336 INFO  [SpillThread] streaming.PipeMapRed (PipeMapRed.java:maybeLogRecord(554)) - R/W/S=1/0/0 in:NA [rec/s] out:NA [rec/s]
2026-10-03 18:10:22,336 INFO  [SpillThread] streaming.PipeMapRed (PipeMapRed.java:maybeLogRecord(554)) - R/W/S=10/0/0 in:NA [rec/s] out:NA [rec/s]
2026-10-03 18:10:22,336 INFO  [SpillThread] streaming.PipeMapRed (PipeMapRed.java:maybeLogRecord(554)) - R/W/S=100/0/0 in:NA [rec/s] out:NA [rec/s]
2026-10-03 18:10:22,336 INFO  [SpillThread] streaming.PipeMapRed (PipeMapRed.java:maybeLogRecord(554)) - R/W/S=1000/0/0 in:NA [rec/s] out:NA [rec/s]
2026-10-03 18:10:22,339 INFO  [SpillThread] streaming.PipeMapRed (PipeMapRed.java:maybeLogRecord(554)) - R/W/S=10000/0/0 in:NA [rec/s] out:NA [rec/s]
2026-10-03 18:10:22,376 INFO  [SpillThread] streaming.PipeMapRed (PipeMapRed.java:maybeLogRecord(554)) - R/W/S=100000/0/0 in:NA [rec/s] out:NA [rec/s]
2026-10-03 18:10:22,417 INFO  [SpillThread] streaming.PipeMapRed (PipeMapRed.java:maybeLogRecord(554)) - R/W/S=200000/0/0 in:NA [rec/s] out:NA [rec/s]
2026-10-03 18:10:22,447 INFO  [SpillThread] streaming.PipeMapRed (PipeMapRed.java:maybeLogRecord(554)) - R/W/S=300000/0/0 in:NA [rec/s] out:NA [rec/s]
2026-10-03 18:10:22,476 INFO  [SpillThread] streaming.PipeMapRed (PipeMapRed.java:maybeLogRecord(554)) - R/W/S=400000/0/0 in:NA [rec/s] out:NA [rec/s]
2026-10-03 18:10:22,506 INFO  [SpillThread] streaming.PipeMapRed (PipeMapRed.java:maybeLogRecord(554)) - R/W/S=500000/0/0 in:NA [rec/s] out:NA [rec/s]
2026-10-03 18:10:22,540 INFO  [SpillThread] streaming.PipeMapRed (PipeMapRed.java:maybeLogRecord(554)) - R/W/S=600000/0/0 in:NA [rec/s] out:NA [rec/s]
2026-10-03 18:10:22,572 INFO  [SpillThread] streaming.PipeMapRed (PipeMapRed.java:maybeLogRecord(554)) - R/W/S=700000/0/0 in:NA [rec/s] out:NA [rec/s]
2026-10-03 18:10:22,606 INFO  [SpillThread] streaming.PipeMapRed (PipeMapRed.java:maybeLogRecord(554)) - R/W/S=800000/0/0 in:NA [rec/s] out:NA [rec/s]
2026-10-03 18:10:22,641 INFO  [SpillThread] streaming.PipeMapRed (PipeMapRed.java:maybeLogRecord(554)) - R/W/S=900000/0/0 in:NA [rec/s] out:NA [rec/s]
2026-10-03 18:10:22,673 INFO  [SpillThread] streaming.PipeMapRed (PipeMapRed.java:maybeLogRecord(554)) - R/W/S=1000000/0/0 in:NA [rec/s] out:NA [rec/s]
2026-10-03 18:10:22,703 INFO  [SpillThread] streaming.PipeMapRed (PipeMapRed.java:maybeLogRecord(554)) - R/W/S=1100000/0/0 in:NA [rec/s] out:NA [rec/s]
2026-10-03 18:10:22,734 INFO  [SpillThread] streaming.PipeMapRed (PipeMapRed.java:maybeLogRecord(554)) - R/W/S=1200000/0/0 in:NA [rec/s] out:NA [rec/s]
2026-10-03 18:10:22,764 INFO  [SpillThread] streaming.PipeMapRed (PipeMapRed.java:maybeLogRecord(554)) - R/W/S=1300000/0/0 in:NA [rec/s] out:NA [rec/s]
2026-10-03 18:10:22,795 INFO  [SpillThread] streaming.PipeMapRed (PipeMapRed.java:maybeLogRecord(554)) - R/W/S=1400000/0/0 in:NA [rec/s] out:NA [rec/s]
2026-10-03 18:10:22,826 INFO  [SpillThread] streaming.PipeMapRed (PipeMapRed.java:maybeLogRecord(554)) - R/W/S=1500000/0/0 in:NA [rec/s] out:NA [rec/s]
2026-10-03 18:10:22,859 INFO  [SpillThread] streaming.PipeMapRed (PipeMapRed.java:maybeLogRecord(554)) - R/W/S=1600000/0/0 in:NA [rec/s] out:NA [rec/s]
2026-10-03 18:10:22,888 INFO  [SpillThread] streaming.PipeMapRed (PipeMapRed.java:maybeLogRecord(554)) - R/W/S=1700000/0/0 in:NA [rec/s] out:NA [rec/s]
2026-10-03 18:10:22,923 INFO  [SpillThread] streaming.PipeMapRed (PipeMapRed.java:maybeLogRecord(554)) - R/W/S=1800000/0/0 in:NA [rec/s] out:NA [rec/s]
2026-10-03 18:10:22,955 INFO  [SpillThread] streaming.PipeMapRed (PipeMapRed.java:maybeLogRecord(554)) - R/W/S=1900000/0/0 in:NA [rec/s] out:NA [rec/s]
2026-10-03 18:10:22,984 INFO  [SpillThread] streaming.PipeMapRed (PipeMapRed.java:maybeLogRecord(554)) - R/W/S=2000000/0/0 in:NA [rec/s] out:NA [rec/s]
2026-10-03 18:10:23,014 INFO  [SpillThread] streaming.PipeMapRed (PipeMapRed.java:maybeLogRecord(554)) - R/W/S=2100000/0/0 in:NA [rec/s] out:NA [rec/s]
2026-10-03 18:10:23,042 INFO  [SpillThread] streaming.PipeMapRed (PipeMapRed.java:maybeLogRecord(554)) - R/W/S=2200000/0/0 in:NA [rec/s] out:NA [rec/s]
2026-10-03 18:10:23,071 INFO  [SpillThread] streaming.PipeMapRed (PipeMapRed.java:maybeLogRecord(554)) - R/W/S=2300000/0/0 in:NA [rec/s] out:NA [rec/s]
2026-10-03 18:10:23,100 INFO  [SpillThread] streaming.PipeMapRed (PipeMapRed.java:maybeLogRecord(554)) - R/W/S=2400000/0/0 in:NA [rec/s] out:NA [rec/s]
2026-10-03 18:10:23,131 INFO  [SpillThread] streaming.PipeMapRed (PipeMapRed.java:maybeLogRecord(554)) - R/W/S=2500000/0/0 in:NA [rec/s] out:NA [rec/s]
2026-10-03 18:10:23,163 INFO  [SpillThread] streaming.PipeMapRed (PipeMapRed.java:maybeLogRecord(554)) - R/W/S=2600000/0/0 in:NA [rec/s] out:NA [rec/s]
2026-10-03 18:10:23,194 INFO  [SpillThread] streaming.PipeMapRed (PipeMapRed.java:maybeLogRecord(554)) - R/W/S=2700000/0/0 in:NA [rec/s] out:NA [rec/s]
2026-10-03 18:10:23,223 INFO  [SpillThread] streaming.PipeMapRed (PipeMapRed.java:maybeLogRecord(554)) - R/W/S=2800000/0/0 in:NA [rec/s] out:NA [rec/s]
2026-10-03 18:10:23,251 INFO  [SpillThread] streaming.PipeMapRed (PipeMapRed.java:maybeLogRecord(554)) - R/W/S=2900000/0/0 in:NA [rec/s] out:NA [rec/s]
2026-10-03 18:10:23,282 INFO  [SpillThread] streaming.PipeMapRed (PipeMapRed.java:maybeLogRecord(554)) - R/W/S=3000000/0/0 in:NA [rec/s] out:NA [rec/s]
2026-10-03 18:10:23,314 INFO  [SpillThread] streaming.PipeMapRed (PipeMapRed.java:maybeLogRecord(554)) - R/W/S=3100000/0/0 in:NA [rec/s] out:NA [rec/s]
2026-10-03 18:10:23,341 INFO  [SpillThread] streaming.PipeMapRed (PipeMapRed.java:maybeLogRecord(554)) - R/W/S=3200000/0/0 in:3200000=3200000/1 [rec/s] out:0=0/1 [rec/s]
2026-10-03 18:10:23,367 INFO  [SpillThread] streaming.PipeMapRed (PipeMapRed.java:maybeLogRecord(554)) - R/W/S=3300000/0/0 in:3300000=3300000/1 [rec/s] out:0=0/1 [rec/s]
2026-10-03 18:10:23,397 INFO  [SpillThread] streaming.PipeMapRed (PipeMapRed.java:maybeLogRecord(554)) - R/W/S=3400000/0/0 in:3400000=3400000/1 [rec/s] out:0=0/1 [rec/s]
2026-10-03 18:10:23,403 INFO  [Thread-55] streaming.PipeMapRed (PipeMapRed.java:run(396)) - Records R/W=3412824/1
2026-10-03 18:10:23,405 INFO  [Thread-56] streaming.PipeMapRed (PipeMapRed.java:run(466)) - MRErrorThread done
2026-10-03 18:10:23,406 INFO  [SpillThread] streaming.PipeMapRed (PipeMapRed.java:mapRedFinished(544)) - mapRedFinished
2026-10-03 18:10:23,407 INFO  [SpillThread] mapred.MapTask (MapTask.java:sortAndSpill(1696)) - Finished spill 0
2026-10-03 18:10:23,407 INFO  [Thread-52] mapred.MapTask (MapTask.java:resetSpill(1236)) - (RESET) equator 39766650 kv 9941656(39766624) kvi 7320232(29280928)
2026-10-03 18:10:23,411 INFO  [LocalJobRunner Map Task Executor #0] streaming.PipeMapRed (PipeMapRed.java:maybeLogRecord(554)) - R/W/S=4100000/4082145/0 in:683333=4100000/6 [rec/s] out:680357=4082145/6 [rec/s]
2026-10-03 18:10:23,476 INFO  [LocalJobRunner Map Task Executor #0] streaming.PipeMapRed (PipeMapRed.java:maybeLogRecord(554)) - R/W/S=4200000/4187551/0 in:700000=4200000/6 [rec/s] out:697925=4187551/6 [rec/s]
2026-10-03 18:10:23,536 INFO  [LocalJobRunner Map Task Executor #0] streaming.PipeMapRed (PipeMapRed.java:maybeLogRecord(554)) - R/W/S=4300000/4283118/0 in:716666=4300000/6 [rec/s] out:713859=4283157/6 [rec/s]
2026-10-03 18:10:23,597 INFO  [LocalJobRunner Map Task Executor #0] streaming.PipeMapRed (PipeMapRed.java:maybeLogRecord(554)) - R/W/S=4400000/4389298/0 in:733333=4400000/6 [rec/s] out:731549=4389298/6 [rec/s]
2026-10-03 18:10:23,674 INFO  [LocalJobRunner Map Task Executor #0] streaming.PipeMapRed (PipeMapRed.java:maybeLogRecord(554)) - R/W/S=4500000/4491843/0 in:750000=4500000/6 [rec/s] out:748640=4491843/6 [rec/s]
2026-10-03 18:10:23,736 INFO  [LocalJobRunner Map Task Executor #0] streaming.PipeMapRed (PipeMapRed.java:maybeLogRecord(554)) - R/W/S=4600000/4586985/0 in:766666=4600000/6 [rec/s] out:764497=4586985/6 [rec/s]
2026-10-03 18:10:23,810 INFO  [LocalJobRunner Map Task Executor #0] streaming.PipeMapRed (PipeMapRed.java:maybeLogRecord(554)) - R/W/S=4700000/4685924/0 in:783333=4700000/6 [rec/s] out:780987=4685924/6 [rec/s]
2026-10-03 18:10:23,882 INFO  [LocalJobRunner Map Task Executor #0] streaming.PipeMapRed (PipeMapRed.java:maybeLogRecord(554)) - R/W/S=4800000/4792539/0 in:800000=4800000/6 [rec/s] out:798756=4792539/6 [rec/s]
2026-10-03 18:10:23,950 INFO  [LocalJobRunner Map Task Executor #0] streaming.PipeMapRed (PipeMapRed.java:maybeLogRecord(554)) - R/W/S=4900000/4884527/0 in:816666=4900000/6 [rec/s] out:814089=4884537/6 [rec/s]
2026-10-03 18:10:24,016 INFO  [LocalJobRunner Map Task Executor #0] streaming.PipeMapRed (PipeMapRed.java:maybeLogRecord(554)) - R/W/S=5000000/4982448/0 in:833333=5000000/6 [rec/s] out:830408=4982448/6 [rec/s]
2026-10-03 18:10:24,083 INFO  [LocalJobRunner Map Task Executor #0] streaming.PipeMapRed (PipeMapRed.java:maybeLogRecord(554)) - R/W/S=5100000/5079411/0 in:850000=5100000/6 [rec/s] out:846568=5079411/6 [rec/s]
2026-10-03 18:10:24,155 INFO  [LocalJobRunner Map Task Executor #0] streaming.PipeMapRed (PipeMapRed.java:maybeLogRecord(554)) - R/W/S=5200000/5186825/0 in:866666=5200000/6 [rec/s] out:864470=5186825/6 [rec/s]
2026-10-03 18:10:24,221 INFO  [LocalJobRunner Map Task Executor #0] streaming.PipeMapRed (PipeMapRed.java:maybeLogRecord(554)) - R/W/S=5300000/5282090/0 in:757142=5300000/7 [rec/s] out:754584=5282090/7 [rec/s]
2026-10-03 18:10:24,289 INFO  [LocalJobRunner Map Task Executor #0] streaming.PipeMapRed (PipeMapRed.java:maybeLogRecord(554)) - R/W/S=5400000/5390271/0 in:771428=5400000/7 [rec/s] out:770038=5390271/7 [rec/s]
2026-10-03 18:10:24,358 INFO  [LocalJobRunner Map Task Executor #0] streaming.PipeMapRed (PipeMapRed.java:maybeLogRecord(554)) - R/W/S=5500000/5489344/0 in:785714=5500000/7 [rec/s] out:784192=5489344/7 [rec/s]
2026-10-03 18:10:24,429 INFO  [LocalJobRunner Map Task Executor #0] streaming.PipeMapRed (PipeMapRed.java:maybeLogRecord(554)) - R/W/S=5600000/5583155/0 in:800000=5600000/7 [rec/s] out:797593=5583155/7 [rec/s]
2026-10-03 18:10:24,526 INFO  [LocalJobRunner Map Task Executor #0] streaming.PipeMapRed (PipeMapRed.java:maybeLogRecord(554)) - R/W/S=5700000/5688876/0 in:814285=5700000/7 [rec/s] out:812698=5688890/7 [rec/s]
2026-10-03 18:10:24,611 INFO  [LocalJobRunner Map Task Executor #0] streaming.PipeMapRed (PipeMapRed.java:maybeLogRecord(554)) - R/W/S=5800000/5779581/0 in:828571=5800000/7 [rec/s] out:825654=5779581/7 [rec/s]
2026-10-03 18:10:24,700 INFO  [LocalJobRunner Map Task Executor #0] streaming.PipeMapRed (PipeMapRed.java:maybeLogRecord(554)) - R/W/S=5900000/5886427/0 in:842857=5900000/7 [rec/s] out:840918=5886427/7 [rec/s]
2026-10-03 18:10:24,793 INFO  [LocalJobRunner Map Task Executor #0] streaming.PipeMapRed (PipeMapRed.java:maybeLogRecord(554)) - R/W/S=6000000/5993432/0 in:857142=6000000/7 [rec/s] out:856204=5993432/7 [rec/s]
2026-10-03 18:10:24,880 INFO  [LocalJobRunner Map Task Executor #0] streaming.PipeMapRed (PipeMapRed.java:maybeLogRecord(554)) - R/W/S=6100000/6083504/0 in:871428=6100000/7 [rec/s] out:869072=6083504/7 [rec/s]
2026-10-03 18:10:24,948 INFO  [LocalJobRunner Map Task Executor #0] streaming.PipeMapRed (PipeMapRed.java:maybeLogRecord(554)) - R/W/S=6200000/6178046/0 in:885714=6200000/7 [rec/s] out:882580=6178060/7 [rec/s]
2026-10-03 18:10:25,040 INFO  [LocalJobRunner Map Task Executor #0] streaming.PipeMapRed (PipeMapRed.java:maybeLogRecord(554)) - R/W/S=6300000/6287558/0 in:900000=6300000/7 [rec/s] out:898222=6287558/7 [rec/s]
2026-10-03 18:10:25,105 INFO  [LocalJobRunner Map Task Executor #0] streaming.PipeMapRed (PipeMapRed.java:maybeLogRecord(554)) - R/W/S=6400000/6380307/0 in:914285=6400000/7 [rec/s] out:911472=6380307/7 [rec/s]
2026-10-03 18:10:25,173 INFO  [LocalJobRunner Map Task Executor #0] streaming.PipeMapRed (PipeMapRed.java:maybeLogRecord(554)) - R/W/S=6500000/6491599/0 in:928571=6500000/7 [rec/s] out:927371=6491599/7 [rec/s]
2026-10-03 18:10:25,230 INFO  [LocalJobRunner Map Task Executor #0] streaming.PipeMapRed (PipeMapRed.java:maybeLogRecord(554)) - R/W/S=6600000/6586031/0 in:825000=6600000/8 [rec/s] out:823253=6586031/8 [rec/s]
2026-10-03 18:10:25,291 INFO  [LocalJobRunner Map Task Executor #0] streaming.PipeMapRed (PipeMapRed.java:maybeLogRecord(554)) - R/W/S=6700000/6681214/0 in:837500=6700000/8 [rec/s] out:835151=6681214/8 [rec/s]
2026-10-03 18:10:25,372 INFO  [LocalJobRunner Map Task Executor #0] streaming.PipeMapRed (PipeMapRed.java:maybeLogRecord(554)) - R/W/S=6800000/6788260/0 in:850000=6800000/8 [rec/s] out:848532=6788260/8 [rec/s]
2026-10-03 18:10:25,401 INFO  [Thread-52] mapred.MapTask (MapTask.java:startSpill(1595)) - Spilling map output
2026-10-03 18:10:25,401 INFO  [Thread-52] mapred.MapTask (MapTask.java:startSpill(1596)) - bufstart = 39766650; bufend = 69053171; bufvoid = 104857600
2026-10-03 18:10:25,401 INFO  [Thread-52] mapred.MapTask (MapTask.java:startSpill(1598)) - kvstart = 9941656(39766624); kvend = 22506172(90024688); length = 13649885/6553600
2026-10-03 18:10:25,401 INFO  [Thread-52] mapred.MapTask (MapTask.java:setEquator(1219)) - (EQUATOR) 79538921 kvi 19884724(79538896)
2026-10-03 18:10:25,453 INFO  [LocalJobRunner Map Task Executor #0] streaming.PipeMapRed (PipeMapRed.java:maybeLogRecord(554)) - R/W/S=6900000/6883041/0 in:862500=6900000/8 [rec/s] out:860381=6883054/8 [rec/s]
2026-10-03 18:10:25,538 INFO  [LocalJobRunner Map Task Executor #0] streaming.PipeMapRed (PipeMapRed.java:maybeLogRecord(554)) - R/W/S=7000000/6979759/0 in:875000=7000000/8 [rec/s] out:872469=6979759/8 [rec/s]
2026-10-03 18:10:25,623 INFO  [LocalJobRunner Map Task Executor #0] streaming.PipeMapRed (PipeMapRed.java:maybeLogRecord(554)) - R/W/S=7100000/7084604/0 in:887500=7100000/8 [rec/s] out:885575=7084604/8 [rec/s]
2026-10-03 18:10:25,719 INFO  [LocalJobRunner Map Task Executor #0] streaming.PipeMapRed (PipeMapRed.java:maybeLogRecord(554)) - R/W/S=7200000/7189612/0 in:900000=7200000/8 [rec/s] out:898703=7189627/8 [rec/s]
2026-10-03 18:10:25,793 INFO  [LocalJobRunner Map Task Executor #0] streaming.PipeMapRed (PipeMapRed.java:maybeLogRecord(554)) - R/W/S=7300000/7279828/0 in:912500=7300000/8 [rec/s] out:909978=7279828/8 [rec/s]
2026-10-03 18:10:25,872 INFO  [LocalJobRunner Map Task Executor #0] streaming.PipeMapRed (PipeMapRed.java:maybeLogRecord(554)) - R/W/S=7400000/7387651/0 in:925000=7400000/8 [rec/s] out:923456=7387651/8 [rec/s]
2026-10-03 18:10:28,086 INFO  [SpillThread] streaming.PipeMapRed (PipeMapRed.java:configure(199)) - PipeMapRed exec [/bin/bash, combiner.sh]
2026-10-03 18:10:28,092 INFO  [SpillThread] streaming.PipeMapRed (PipeMapRed.java:maybeLogRecord(554)) - R/W/S=1/0/0 in:NA [rec/s] out:NA [rec/s]
2026-10-03 18:10:28,092 INFO  [SpillThread] streaming.PipeMapRed (PipeMapRed.java:maybeLogRecord(554)) - R/W/S=10/0/0 in:NA [rec/s] out:NA [rec/s]
2026-10-03 18:10:28,092 INFO  [SpillThread] streaming.PipeMapRed (PipeMapRed.java:maybeLogRecord(554)) - R/W/S=100/0/0 in:NA [rec/s] out:NA [rec/s]
2026-10-03 18:10:28,093 INFO  [SpillThread] streaming.PipeMapRed (PipeMapRed.java:maybeLogRecord(554)) - R/W/S=1000/0/0 in:NA [rec/s] out:NA [rec/s]
2026-10-03 18:10:28,095 INFO  [SpillThread] streaming.PipeMapRed (PipeMapRed.java:maybeLogRecord(554)) - R/W/S=10000/0/0 in:NA [rec/s] out:NA [rec/s]
2026-10-03 18:10:28,121 INFO  [SpillThread] streaming.PipeMapRed (PipeMapRed.java:maybeLogRecord(554)) - R/W/S=100000/0/0 in:NA [rec/s] out:NA [rec/s]
2026-10-03 18:10:28,149 INFO  [SpillThread] streaming.PipeMapRed (PipeMapRed.java:maybeLogRecord(554)) - R/W/S=200000/0/0 in:NA [rec/s] out:NA [rec/s]
2026-10-03 18:10:28,173 INFO  [SpillThread] streaming.PipeMapRed (PipeMapRed.java:maybeLogRecord(554)) - R/W/S=300000/0/0 in:NA [rec/s] out:NA [rec/s]
2026-10-03 18:10:28,198 INFO  [SpillThread] streaming.PipeMapRed (PipeMapRed.java:maybeLogRecord(554)) - R/W/S=400000/0/0 in:NA [rec/s] out:NA [rec/s]
2026-10-03 18:10:28,224 INFO  [SpillThread] streaming.PipeMapRed (PipeMapRed.java:maybeLogRecord(554)) - R/W/S=500000/0/0 in:NA [rec/s] out:NA [rec/s]
2026-10-03 18:10:28,249 INFO  [SpillThread] streaming.PipeMapRed (PipeMapRed.java:maybeLogRecord(554)) - R/W/S=600000/0/0 in:NA [rec/s] out:NA [rec/s]
2026-10-03 18:10:28,277 INFO  [SpillThread] streaming.PipeMapRed (PipeMapRed.java:maybeLogRecord(554)) - R/W/S=700000/0/0 in:NA [rec/s] out:NA [rec/s]
2026-10-03 18:10:28,306 INFO  [SpillThread] streaming.PipeMapRed (PipeMapRed.java:maybeLogRecord(554)) - R/W/S=800000/0/0 in:NA [rec/s] out:NA [rec/s]
2026-10-03 18:10:28,333 INFO  [SpillThread] streaming.PipeMapRed (PipeMapRed.java:maybeLogRecord(554)) - R/W/S=900000/0/0 in:NA [rec/s] out:NA [rec/s]
2026-10-03 18:10:28,361 INFO  [SpillThread] streaming.PipeMapRed (PipeMapRed.java:maybeLogRecord(554)) - R/W/S=1000000/0/0 in:NA [rec/s] out:NA [rec/s]
2026-10-03 18:10:28,385 INFO  [SpillThread] streaming.PipeMapRed (PipeMapRed.java:maybeLogRecord(554)) - R/W/S=1100000/0/0 in:NA [rec/s] out:NA [rec/s]
2026-10-03 18:10:28,412 INFO  [SpillThread] streaming.PipeMapRed (PipeMapRed.java:maybeLogRecord(554)) - R/W/S=1200000/0/0 in:NA [rec/s] out:NA [rec/s]
2026-10-03 18:10:28,440 INFO  [SpillThread] streaming.PipeMapRed (PipeMapRed.java:maybeLogRecord(554)) - R/W/S=1300000/0/0 in:NA [rec/s] out:NA [rec/s]
2026-10-03 18:10:28,466 INFO  [SpillThread] streaming.PipeMapRed (PipeMapRed.java:maybeLogRecord(554)) - R/W/S=1400000/0/0 in:NA [rec/s] out:NA [rec/s]
2026-10-03 18:10:28,494 INFO  [SpillThread] streaming.PipeMapRed (PipeMapRed.java:maybeLogRecord(554)) - R/W/S=1500000/0/0 in:NA [rec/s] out:NA [rec/s]
2026-10-03 18:10:28,522 INFO  [SpillThread] streaming.PipeMapRed (PipeMapRed.java:maybeLogRecord(554)) - R/W/S=1600000/0/0 in:NA [rec/s] out:NA [rec/s]
2026-10-03 18:10:28,549 INFO  [SpillThread] streaming.PipeMapRed (PipeMapRed.java:maybeLogRecord(554)) - R/W/S=1700000/0/0 in:NA [rec/s] out:NA [rec/s]
2026-10-03 18:10:28,579 INFO  [SpillThread] streaming.PipeMapRed (PipeMapRed.java:maybeLogRecord(554)) - R/W/S=1800000/0/0 in:NA [rec/s] out:NA [rec/s]
2026-10-03 18:10:28,607 INFO  [SpillThread] streaming.PipeMapRed (PipeMapRed.java:maybeLogRecord(554)) - R/W/S=1900000/0/0 in:NA [rec/s] out:NA [rec/s]
2026-10-03 18:10:28,638 INFO  [SpillThread] streaming.PipeMapRed (PipeMapRed.java:maybeLogRecord(554)) - R/W/S=2000000/0/0 in:NA [rec/s] out:NA [rec/s]
2026-10-03 18:10:28,666 INFO  [SpillThread] streaming.PipeMapRed (PipeMapRed.java:maybeLogRecord(554)) - R/W/S=2100000/0/0 in:NA [rec/s] out:NA [rec/s]
2026-10-03 18:10:28,696 INFO  [SpillThread] streaming.PipeMapRed (PipeMapRed.java:maybeLogRecord(554)) - R/W/S=2200000/0/0 in:NA [rec/s] out:NA [rec/s]
2026-10-03 18:10:28,726 INFO  [SpillThread] streaming.PipeMapRed (PipeMapRed.java:maybeLogRecord(554)) - R/W/S=2300000/0/0 in:NA [rec/s] out:NA [rec/s]
2026-10-03 18:10:28,752 INFO  [SpillThread] streaming.PipeMapRed (PipeMapRed.java:maybeLogRecord(554)) - R/W/S=2400000/0/0 in:NA [rec/s] out:NA [rec/s]
2026-10-03 18:10:28,780 INFO  [SpillThread] streaming.PipeMapRed (PipeMapRed.java:maybeLogRecord(554)) - R/W/S=2500000/0/0 in:NA [rec/s] out:NA [rec/s]
2026-10-03 18:10:28,808 INFO  [SpillThread] streaming.PipeMapRed (PipeMapRed.java:maybeLogRecord(554)) - R/W/S=2600000/0/0 in:NA [rec/s] out:NA [rec/s]
2026-10-03 18:10:28,835 INFO  [SpillThread] streaming.PipeMapRed (PipeMapRed.java:maybeLogRecord(554)) - R/W/S=2700000/0/0 in:NA [rec/s] out:NA [rec/s]
2026-10-03 18:10:28,864 INFO  [SpillThread] streaming.PipeMapRed (PipeMapRed.java:maybeLogRecord(554)) - R/W/S=2800000/0/0 in:NA [rec/s] out:NA [rec/s]
2026-10-03 18:10:28,893 INFO  [SpillThread] streaming.PipeMapRed (PipeMapRed.java:maybeLogRecord(554)) - R/W/S=2900000/0/0 in:NA [rec/s] out:NA [rec/s]
2026-10-03 18:10:28,919 INFO  [SpillThread] streaming.PipeMapRed (PipeMapRed.java:maybeLogRecord(554)) - R/W/S=3000000/0/0 in:NA [rec/s] out:NA [rec/s]
2026-10-03 18:10:28,948 INFO  [SpillThread] streaming.PipeMapRed (PipeMapRed.java:maybeLogRecord(554)) - R/W/S=3100000/0/0 in:NA [rec/s] out:NA [rec/s]
2026-10-03 18:10:28,975 INFO  [SpillThread] streaming.PipeMapRed (PipeMapRed.java:maybeLogRecord(554)) - R/W/S=3200000/0/0 in:NA [rec/s] out:NA [rec/s]
2026-10-03 18:10:28,999 INFO  [SpillThread] streaming.PipeMapRed (PipeMapRed.java:maybeLogRecord(554)) - R/W/S=3300000/0/0 in:NA [rec/s] out:NA [rec/s]
2026-10-03 18:10:29,027 INFO  [SpillThread] streaming.PipeMapRed (PipeMapRed.java:maybeLogRecord(554)) - R/W/S=3400000/0/0 in:NA [rec/s] out:NA [rec/s]
2026-10-03 18:10:29,032 INFO  [Thread-58] streaming.PipeMapRed (PipeMapRed.java:run(396)) - Records R/W=3412472/1
2026-10-03 18:10:29,034 INFO  [Thread-59] streaming.PipeMapRed (PipeMapRed.java:run(466)) - MRErrorThread done
2026-10-03 18:10:29,035 INFO  [SpillThread] streaming.PipeMapRed (PipeMapRed.java:mapRedFinished(544)) - mapRedFinished
2026-10-03 18:10:29,035 INFO  [SpillThread] mapred.MapTask (MapTask.java:sortAndSpill(1696)) - Finished spill 1
2026-10-03 18:10:29,035 INFO  [Thread-52] mapred.MapTask (MapTask.java:resetSpill(1236)) - (RESET) equator 79538921 kv 19884724(79538896) kvi 17263300(69053200)
2026-10-03 18:10:29,036 INFO  [Thread-52] streaming.PipeMapRed (PipeMapRed.java:run(396)) - Records R/W=7499008/7480653
2026-10-03 18:10:29,038 INFO  [LocalJobRunner Map Task Executor #0] streaming.PipeMapRed (PipeMapRed.java:maybeLogRecord(554)) - R/W/S=7500000/7491657/0 in:681818=7500000/11 [rec/s] out:681060=7491670/11 [rec/s]
2026-10-03 18:10:29,091 INFO  [LocalJobRunner Map Task Executor #0] streaming.PipeMapRed (PipeMapRed.java:maybeLogRecord(554)) - R/W/S=7600000/7584087/0 in:690909=7600000/11 [rec/s] out:689462=7584087/11 [rec/s]
2026-10-03 18:10:29,145 INFO  [communication thread] mapred.LocalJobRunner (LocalJobRunner.java:statusUpdate(634)) - Records R/W=7499008/7480653 > map
2026-10-03 18:10:29,159 INFO  [LocalJobRunner Map Task Executor #0] streaming.PipeMapRed (PipeMapRed.java:maybeLogRecord(554)) - R/W/S=7700000/7688094/0 in:700000=7700000/11 [rec/s] out:698917=7688094/11 [rec/s]
2026-10-03 18:10:29,218 INFO  [LocalJobRunner Map Task Executor #0] streaming.PipeMapRed (PipeMapRed.java:maybeLogRecord(554)) - R/W/S=7800000/7781027/0 in:650000=7800000/12 [rec/s] out:648418=7781027/12 [rec/s]
2026-10-03 18:10:29,281 INFO  [LocalJobRunner Map Task Executor #0] streaming.PipeMapRed (PipeMapRed.java:maybeLogRecord(554)) - R/W/S=7900000/7887337/0 in:658333=7900000/12 [rec/s] out:657278=7887337/12 [rec/s]
2026-10-03 18:10:29,347 INFO  [LocalJobRunner Map Task Executor #0] streaming.PipeMapRed (PipeMapRed.java:maybeLogRecord(554)) - R/W/S=8000000/7991583/0 in:666666=8000000/12 [rec/s] out:665965=7991583/12 [rec/s]
2026-10-03 18:10:29,408 INFO  [LocalJobRunner Map Task Executor #0] streaming.PipeMapRed (PipeMapRed.java:maybeLogRecord(554)) - R/W/S=8100000/8085476/0 in:675000=8100000/12 [rec/s] out:673789=8085476/12 [rec/s]
2026-10-03 18:10:29,475 INFO  [LocalJobRunner Map Task Executor #0] streaming.PipeMapRed (PipeMapRed.java:maybeLogRecord(554)) - R/W/S=8200000/8188227/0 in:683333=8200000/12 [rec/s] out:682352=8188227/12 [rec/s]
2026-10-03 18:10:29,530 INFO  [LocalJobRunner Map Task Executor #0] streaming.PipeMapRed (PipeMapRed.java:maybeLogRecord(554)) - R/W/S=8300000/8280448/0 in:691666=8300000/12 [rec/s] out:690038=8280458/12 [rec/s]
2026-10-03 18:10:29,544 INFO  [main] mapreduce.Job (Job.java:monitorAndPrintJob(1647)) -  map 74% reduce 0%
2026-10-03 18:10:29,596 INFO  [LocalJobRunner Map Task Executor #0] streaming.PipeMapRed (PipeMapRed.java:maybeLogRecord(554)) - R/W/S=8400000/8385916/0 in:700000=8400000/12 [rec/s] out:698827=8385935/12 [rec/s]
2026-10-03 18:10:29,661 INFO  [LocalJobRunner Map Task Executor #0] streaming.PipeMapRed (PipeMapRed.java:maybeLogRecord(554)) - R/W/S=8500000/8491414/0 in:708333=8500000/12 [rec/s] out:707618=8491416/12 [rec/s]
2026-10-03 18:10:29,718 INFO  [LocalJobRunner Map Task Executor #0] streaming.PipeMapRed (PipeMapRed.java:maybeLogRecord(554)) - R/W/S=8600000/8584600/0 in:716666=8600000/12 [rec/s] out:715383=8584600/12 [rec/s]
2026-10-03 18:10:29,782 INFO  [LocalJobRunner Map Task Executor #0] streaming.PipeMapRed (PipeMapRed.java:maybeLogRecord(554)) - R/W/S=8700000/8688624/0 in:725000=8700000/12 [rec/s] out:724052=8688624/12 [rec/s]
2026-10-03 18:10:29,837 INFO  [LocalJobRunner Map Task Executor #0] streaming.PipeMapRed (PipeMapRed.java:maybeLogRecord(554)) - R/W/S=8800000/8781642/0 in:733333=8800000/12 [rec/s] out:731803=8781642/12 [rec/s]
2026-10-03 18:10:29,898 INFO  [LocalJobRunner Map Task Executor #0] streaming.PipeMapRed (PipeMapRed.java:maybeLogRecord(554)) - R/W/S=8900000/8885349/0 in:741666=8900000/12 [rec/s] out:740445=8885349/12 [rec/s]
2026-10-03 18:10:29,965 INFO  [LocalJobRunner Map Task Executor #0] streaming.PipeMapRed (PipeMapRed.java:maybeLogRecord(554)) - R/W/S=9000000/8990573/0 in:750000=9000000/12 [rec/s] out:749214=8990573/12 [rec/s]
2026-10-03 18:10:30,025 INFO  [LocalJobRunner Map Task Executor #0] streaming.PipeMapRed (PipeMapRed.java:maybeLogRecord(554)) - R/W/S=9100000/9083749/0 in:758333=9100000/12 [rec/s] out:756979=9083749/12 [rec/s]
2026-10-03 18:10:30,099 INFO  [LocalJobRunner Map Task Executor #0] streaming.PipeMapRed (PipeMapRed.java:maybeLogRecord(554)) - R/W/S=9200000/9190507/0 in:766666=9200000/12 [rec/s] out:765875=9190507/12 [rec/s]
2026-10-03 18:10:30,198 INFO  [LocalJobRunner Map Task Executor #0] streaming.PipeMapRed (PipeMapRed.java:maybeLogRecord(554)) - R/W/S=9300000/9284160/0 in:715384=9300000/13 [rec/s] out:714166=9284160/13 [rec/s]
2026-10-03 18:10:30,351 INFO  [LocalJobRunner Map Task Executor #0] streaming.PipeMapRed (PipeMapRed.java:maybeLogRecord(554)) - R/W/S=9400000/9390492/0 in:723076=9400000/13 [rec/s] out:722345=9390492/13 [rec/s]
2026-10-03 18:10:30,425 INFO  [LocalJobRunner Map Task Executor #0] streaming.PipeMapRed (PipeMapRed.java:maybeLogRecord(554)) - R/W/S=9500000/9491169/0 in:730769=9500000/13 [rec/s] out:730089=9491169/13 [rec/s]
2026-10-03 18:10:30,488 INFO  [LocalJobRunner Map Task Executor #0] streaming.PipeMapRed (PipeMapRed.java:maybeLogRecord(554)) - R/W/S=9600000/9584292/0 in:738461=9600000/13 [rec/s] out:737253=9584292/13 [rec/s]
2026-10-03 18:10:30,552 INFO  [LocalJobRunner Map Task Executor #0] streaming.PipeMapRed (PipeMapRed.java:maybeLogRecord(554)) - R/W/S=9700000/9679170/0 in:746153=9700000/13 [rec/s] out:744551=9679170/13 [rec/s]
2026-10-03 18:10:30,621 INFO  [LocalJobRunner Map Task Executor #0] streaming.PipeMapRed (PipeMapRed.java:maybeLogRecord(554)) - R/W/S=9800000/9786914/0 in:753846=9800000/13 [rec/s] out:752839=9786914/13 [rec/s]
2026-10-03 18:10:30,683 INFO  [LocalJobRunner Map Task Executor #0] streaming.PipeMapRed (PipeMapRed.java:maybeLogRecord(554)) - R/W/S=9900000/9882551/0 in:761538=9900000/13 [rec/s] out:760196=9882551/13 [rec/s]
2026-10-03 18:10:30,755 INFO  [LocalJobRunner Map Task Executor #0] streaming.PipeMapRed (PipeMapRed.java:maybeLogRecord(554)) - R/W/S=10000000/9989670/0 in:769230=10000000/13 [rec/s] out:768437=9989685/13 [rec/s]
2026-10-03 18:10:30,816 INFO  [LocalJobRunner Map Task Executor #0] streaming.PipeMapRed (PipeMapRed.java:maybeLogRecord(554)) - R/W/S=10100000/10084195/0 in:776923=10100000/13 [rec/s] out:775708=10084208/13 [rec/s]
2026-10-03 18:10:30,877 INFO  [LocalJobRunner Map Task Executor #0] streaming.PipeMapRed (PipeMapRed.java:maybeLogRecord(554)) - R/W/S=10200000/10179480/0 in:784615=10200000/13 [rec/s] out:783036=10179480/13 [rec/s]
2026-10-03 18:10:30,914 INFO  [Thread-52] mapred.MapTask (MapTask.java:startSpill(1595)) - Spilling map output
2026-10-03 18:10:30,914 INFO  [Thread-52] mapred.MapTask (MapTask.java:startSpill(1596)) - bufstart = 79538921; bufend = 3977718; bufvoid = 104857596
2026-10-03 18:10:30,914 INFO  [Thread-52] mapred.MapTask (MapTask.java:startSpill(1598)) - kvstart = 19884724(79538896); kvend = 6237312(24949248); length = 13647413/6553600
2026-10-03 18:10:30,914 INFO  [Thread-52] mapred.MapTask (MapTask.java:setEquator(1219)) - (EQUATOR) 14463475 kvi 3615864(14463456)
2026-10-03 18:10:30,947 INFO  [LocalJobRunner Map Task Executor #0] streaming.PipeMapRed (PipeMapRed.java:maybeLogRecord(554)) - R/W/S=10300000/10287498/0 in:792307=10300000/13 [rec/s] out:791346=10287498/13 [rec/s]
2026-10-03 18:10:31,011 INFO  [LocalJobRunner Map Task Executor #0] streaming.PipeMapRed (PipeMapRed.java:maybeLogRecord(554)) - R/W/S=10400000/10379867/0 in:800000=10400000/13 [rec/s] out:798451=10379867/13 [rec/s]
2026-10-03 18:10:31,092 INFO  [LocalJobRunner Map Task Executor #0] streaming.PipeMapRed (PipeMapRed.java:maybeLogRecord(554)) - R/W/S=10500000/10484837/0 in:807692=10500000/13 [rec/s] out:806525=10484837/13 [rec/s]
2026-10-03 18:10:31,101 INFO  [Thread-53] streaming.PipeMapRed (PipeMapRed.java:run(466)) - MRErrorThread done
2026-10-03 18:10:31,103 INFO  [LocalJobRunner Map Task Executor #0] streaming.PipeMapRed (PipeMapRed.java:mapRedFinished(544)) - mapRedFinished
2026-10-03 18:10:31,105 INFO  [LocalJobRunner Map Task Executor #0] mapred.LocalJobRunner (LocalJobRunner.java:statusUpdate(634)) - Records R/W=7499008/7480653 > map
2026-10-03 18:10:31,106 INFO  [LocalJobRunner Map Task Executor #0] mapred.MapTask (MapTask.java:flush(1476)) - Starting flush of map output
2026-10-03 18:10:33,484 INFO  [SpillThread] streaming.PipeMapRed (PipeMapRed.java:configure(199)) - PipeMapRed exec [/bin/bash, combiner.sh]
2026-10-03 18:10:33,490 INFO  [SpillThread] streaming.PipeMapRed (PipeMapRed.java:maybeLogRecord(554)) - R/W/S=1/0/0 in:NA [rec/s] out:NA [rec/s]
2026-10-03 18:10:33,490 INFO  [SpillThread] streaming.PipeMapRed (PipeMapRed.java:maybeLogRecord(554)) - R/W/S=10/0/0 in:NA [rec/s] out:NA [rec/s]
2026-10-03 18:10:33,490 INFO  [SpillThread] streaming.PipeMapRed (PipeMapRed.java:maybeLogRecord(554)) - R/W/S=100/0/0 in:NA [rec/s] out:NA [rec/s]
2026-10-03 18:10:33,490 INFO  [SpillThread] streaming.PipeMapRed (PipeMapRed.java:maybeLogRecord(554)) - R/W/S=1000/0/0 in:NA [rec/s] out:NA [rec/s]
2026-10-03 18:10:33,492 INFO  [SpillThread] streaming.PipeMapRed (PipeMapRed.java:maybeLogRecord(554)) - R/W/S=10000/0/0 in:NA [rec/s] out:NA [rec/s]
2026-10-03 18:10:33,519 INFO  [SpillThread] streaming.PipeMapRed (PipeMapRed.java:maybeLogRecord(554)) - R/W/S=100000/0/0 in:NA [rec/s] out:NA [rec/s]
2026-10-03 18:10:33,548 INFO  [SpillThread] streaming.PipeMapRed (PipeMapRed.java:maybeLogRecord(554)) - R/W/S=200000/0/0 in:NA [rec/s] out:NA [rec/s]
2026-10-03 18:10:33,574 INFO  [SpillThread] streaming.PipeMapRed (PipeMapRed.java:maybeLogRecord(554)) - R/W/S=300000/0/0 in:NA [rec/s] out:NA [rec/s]
2026-10-03 18:10:33,598 INFO  [SpillThread] streaming.PipeMapRed (PipeMapRed.java:maybeLogRecord(554)) - R/W/S=400000/0/0 in:NA [rec/s] out:NA [rec/s]
2026-10-03 18:10:33,625 INFO  [SpillThread] streaming.PipeMapRed (PipeMapRed.java:maybeLogRecord(554)) - R/W/S=500000/0/0 in:NA [rec/s] out:NA [rec/s]
2026-10-03 18:10:33,653 INFO  [SpillThread] streaming.PipeMapRed (PipeMapRed.java:maybeLogRecord(554)) - R/W/S=600000/0/0 in:NA [rec/s] out:NA [rec/s]
2026-10-03 18:10:33,680 INFO  [SpillThread] streaming.PipeMapRed (PipeMapRed.java:maybeLogRecord(554)) - R/W/S=700000/0/0 in:NA [rec/s] out:NA [rec/s]
2026-10-03 18:10:33,708 INFO  [SpillThread] streaming.PipeMapRed (PipeMapRed.java:maybeLogRecord(554)) - R/W/S=800000/0/0 in:NA [rec/s] out:NA [rec/s]
2026-10-03 18:10:33,739 INFO  [SpillThread] streaming.PipeMapRed (PipeMapRed.java:maybeLogRecord(554)) - R/W/S=900000/0/0 in:NA [rec/s] out:NA [rec/s]
2026-10-03 18:10:33,769 INFO  [SpillThread] streaming.PipeMapRed (PipeMapRed.java:maybeLogRecord(554)) - R/W/S=1000000/0/0 in:NA [rec/s] out:NA [rec/s]
2026-10-03 18:10:33,795 INFO  [SpillThread] streaming.PipeMapRed (PipeMapRed.java:maybeLogRecord(554)) - R/W/S=1100000/0/0 in:NA [rec/s] out:NA [rec/s]
2026-10-03 18:10:33,821 INFO  [SpillThread] streaming.PipeMapRed (PipeMapRed.java:maybeLogRecord(554)) - R/W/S=1200000/0/0 in:NA [rec/s] out:NA [rec/s]
2026-10-03 18:10:33,847 INFO  [SpillThread] streaming.PipeMapRed (PipeMapRed.java:maybeLogRecord(554)) - R/W/S=1300000/0/0 in:NA [rec/s] out:NA [rec/s]
2026-10-03 18:10:33,873 INFO  [SpillThread] streaming.PipeMapRed (PipeMapRed.java:maybeLogRecord(554)) - R/W/S=1400000/0/0 in:NA [rec/s] out:NA [rec/s]
2026-10-03 18:10:33,900 INFO  [SpillThread] streaming.PipeMapRed (PipeMapRed.java:maybeLogRecord(554)) - R/W/S=1500000/0/0 in:NA [rec/s] out:NA [rec/s]
2026-10-03 18:10:33,928 INFO  [SpillThread] streaming.PipeMapRed (PipeMapRed.java:maybeLogRecord(554)) - R/W/S=1600000/0/0 in:NA [rec/s] out:NA [rec/s]
2026-10-03 18:10:33,954 INFO  [SpillThread] streaming.PipeMapRed (PipeMapRed.java:maybeLogRecord(554)) - R/W/S=1700000/0/0 in:NA [rec/s] out:NA [rec/s]
2026-10-03 18:10:33,985 INFO  [SpillThread] streaming.PipeMapRed (PipeMapRed.java:maybeLogRecord(554)) - R/W/S=1800000/0/0 in:NA [rec/s] out:NA [rec/s]
2026-10-03 18:10:34,015 INFO  [SpillThread] streaming.PipeMapRed (PipeMapRed.java:maybeLogRecord(554)) - R/W/S=1900000/0/0 in:NA [rec/s] out:NA [rec/s]
2026-10-03 18:10:34,044 INFO  [SpillThread] streaming.PipeMapRed (PipeMapRed.java:maybeLogRecord(554)) - R/W/S=2000000/0/0 in:NA [rec/s] out:NA [rec/s]
2026-10-03 18:10:34,074 INFO  [SpillThread] streaming.PipeMapRed (PipeMapRed.java:maybeLogRecord(554)) - R/W/S=2100000/0/0 in:NA [rec/s] out:NA [rec/s]
2026-10-03 18:10:34,100 INFO  [SpillThread] streaming.PipeMapRed (PipeMapRed.java:maybeLogRecord(554)) - R/W/S=2200000/0/0 in:NA [rec/s] out:NA [rec/s]
2026-10-03 18:10:34,124 INFO  [SpillThread] streaming.PipeMapRed (PipeMapRed.java:maybeLogRecord(554)) - R/W/S=2300000/0/0 in:NA [rec/s] out:NA [rec/s]
2026-10-03 18:10:34,149 INFO  [SpillThread] streaming.PipeMapRed (PipeMapRed.java:maybeLogRecord(554)) - R/W/S=2400000/0/0 in:NA [rec/s] out:NA [rec/s]
2026-10-03 18:10:34,177 INFO  [SpillThread] streaming.PipeMapRed (PipeMapRed.java:maybeLogRecord(554)) - R/W/S=2500000/0/0 in:NA [rec/s] out:NA [rec/s]
2026-10-03 18:10:34,207 INFO  [SpillThread] streaming.PipeMapRed (PipeMapRed.java:maybeLogRecord(554)) - R/W/S=2600000/0/0 in:NA [rec/s] out:NA [rec/s]
2026-10-03 18:10:34,239 INFO  [SpillThread] streaming.PipeMapRed (PipeMapRed.java:maybeLogRecord(554)) - R/W/S=2700000/0/0 in:NA [rec/s] out:NA [rec/s]
2026-10-03 18:10:34,271 INFO  [SpillThread] streaming.PipeMapRed (PipeMapRed.java:maybeLogRecord(554)) - R/W/S=2800000/0/0 in:NA [rec/s] out:NA [rec/s]
2026-10-03 18:10:34,299 INFO  [SpillThread] streaming.PipeMapRed (PipeMapRed.java:maybeLogRecord(554)) - R/W/S=2900000/0/0 in:NA [rec/s] out:NA [rec/s]
2026-10-03 18:10:34,329 INFO  [SpillThread] streaming.PipeMapRed (PipeMapRed.java:maybeLogRecord(554)) - R/W/S=3000000/0/0 in:NA [rec/s] out:NA [rec/s]
2026-10-03 18:10:34,359 INFO  [SpillThread] streaming.PipeMapRed (PipeMapRed.java:maybeLogRecord(554)) - R/W/S=3100000/0/0 in:NA [rec/s] out:NA [rec/s]
2026-10-03 18:10:34,388 INFO  [SpillThread] streaming.PipeMapRed (PipeMapRed.java:maybeLogRecord(554)) - R/W/S=3200000/0/0 in:NA [rec/s] out:NA [rec/s]
2026-10-03 18:10:34,413 INFO  [SpillThread] streaming.PipeMapRed (PipeMapRed.java:maybeLogRecord(554)) - R/W/S=3300000/0/0 in:NA [rec/s] out:NA [rec/s]
2026-10-03 18:10:34,444 INFO  [SpillThread] streaming.PipeMapRed (PipeMapRed.java:maybeLogRecord(554)) - R/W/S=3400000/0/0 in:NA [rec/s] out:NA [rec/s]
2026-10-03 18:10:34,451 INFO  [Thread-61] streaming.PipeMapRed (PipeMapRed.java:run(396)) - Records R/W=3411854/1
2026-10-03 18:10:34,453 INFO  [Thread-62] streaming.PipeMapRed (PipeMapRed.java:run(466)) - MRErrorThread done
2026-10-03 18:10:34,454 INFO  [SpillThread] streaming.PipeMapRed (PipeMapRed.java:mapRedFinished(544)) - mapRedFinished
2026-10-03 18:10:34,454 INFO  [SpillThread] mapred.MapTask (MapTask.java:sortAndSpill(1696)) - Finished spill 2
2026-10-03 18:10:34,455 INFO  [LocalJobRunner Map Task Executor #0] mapred.MapTask (MapTask.java:resetSpill(1236)) - (RESET) equator 14463475 kv 3615864(14463456) kvi 2562000(10248000)
2026-10-03 18:10:34,455 INFO  [LocalJobRunner Map Task Executor #0] mapred.MapTask (MapTask.java:flush(1498)) - Spilling map output
2026-10-03 18:10:34,455 INFO  [LocalJobRunner Map Task Executor #0] mapred.MapTask (MapTask.java:flush(1499)) - bufstart = 14463475; bufend = 16672767; bufvoid = 104857600
2026-10-03 18:10:34,455 INFO  [LocalJobRunner Map Task Executor #0] mapred.MapTask (MapTask.java:flush(1501)) - kvstart = 3615864(14463456); kvend = 2562004(10248016); length = 1053861/6553600
2026-10-03 18:10:34,604 INFO  [LocalJobRunner Map Task Executor #0] streaming.PipeMapRed (PipeMapRed.java:configure(199)) - PipeMapRed exec [/bin/bash, combiner.sh]
2026-10-03 18:10:34,611 INFO  [LocalJobRunner Map Task Executor #0] streaming.PipeMapRed (PipeMapRed.java:maybeLogRecord(554)) - R/W/S=1/0/0 in:NA [rec/s] out:NA [rec/s]
2026-10-03 18:10:34,611 INFO  [LocalJobRunner Map Task Executor #0] streaming.PipeMapRed (PipeMapRed.java:maybeLogRecord(554)) - R/W/S=10/0/0 in:NA [rec/s] out:NA [rec/s]
2026-10-03 18:10:34,611 INFO  [LocalJobRunner Map Task Executor #0] streaming.PipeMapRed (PipeMapRed.java:maybeLogRecord(554)) - R/W/S=100/0/0 in:NA [rec/s] out:NA [rec/s]
2026-10-03 18:10:34,611 INFO  [LocalJobRunner Map Task Executor #0] streaming.PipeMapRed (PipeMapRed.java:maybeLogRecord(554)) - R/W/S=1000/0/0 in:NA [rec/s] out:NA [rec/s]
2026-10-03 18:10:34,613 INFO  [LocalJobRunner Map Task Executor #0] streaming.PipeMapRed (PipeMapRed.java:maybeLogRecord(554)) - R/W/S=10000/0/0 in:NA [rec/s] out:NA [rec/s]
2026-10-03 18:10:34,640 INFO  [LocalJobRunner Map Task Executor #0] streaming.PipeMapRed (PipeMapRed.java:maybeLogRecord(554)) - R/W/S=100000/0/0 in:NA [rec/s] out:NA [rec/s]
2026-10-03 18:10:34,671 INFO  [LocalJobRunner Map Task Executor #0] streaming.PipeMapRed (PipeMapRed.java:maybeLogRecord(554)) - R/W/S=200000/0/0 in:NA [rec/s] out:NA [rec/s]
2026-10-03 18:10:34,692 INFO  [Thread-64] streaming.PipeMapRed (PipeMapRed.java:run(396)) - Records R/W=263466/1
2026-10-03 18:10:34,694 INFO  [Thread-65] streaming.PipeMapRed (PipeMapRed.java:run(466)) - MRErrorThread done
2026-10-03 18:10:34,695 INFO  [LocalJobRunner Map Task Executor #0] streaming.PipeMapRed (PipeMapRed.java:mapRedFinished(544)) - mapRedFinished
2026-10-03 18:10:34,696 INFO  [LocalJobRunner Map Task Executor #0] mapred.MapTask (MapTask.java:sortAndSpill(1696)) - Finished spill 3
2026-10-03 18:10:34,697 INFO  [LocalJobRunner Map Task Executor #0] mapred.Merger (Merger.java:merge(606)) - Merging 4 sorted segments
2026-10-03 18:10:34,698 INFO  [LocalJobRunner Map Task Executor #0] mapred.Merger (Merger.java:merge(705)) - Down to the last merge-pass, with 4 segments left of total size: 250298 bytes
2026-10-03 18:10:34,702 INFO  [LocalJobRunner Map Task Executor #0] streaming.PipeMapRed (PipeMapRed.java:configure(199)) - PipeMapRed exec [/bin/bash, combiner.sh]
2026-10-03 18:10:34,709 INFO  [LocalJobRunner Map Task Executor #0] streaming.PipeMapRed (PipeMapRed.java:maybeLogRecord(554)) - R/W/S=1/0/0 in:NA [rec/s] out:NA [rec/s]
2026-10-03 18:10:34,709 INFO  [LocalJobRunner Map Task Executor #0] streaming.PipeMapRed (PipeMapRed.java:maybeLogRecord(554)) - R/W/S=10/0/0 in:NA [rec/s] out:NA [rec/s]
2026-10-03 18:10:34,709 INFO  [LocalJobRunner Map Task Executor #0] streaming.PipeMapRed (PipeMapRed.java:maybeLogRecord(554)) - R/W/S=100/0/0 in:NA [rec/s] out:NA [rec/s]
2026-10-03 18:10:34,710 INFO  [LocalJobRunner Map Task Executor #0] streaming.PipeMapRed (PipeMapRed.java:maybeLogRecord(554)) - R/W/S=1000/0/0 in:NA [rec/s] out:NA [rec/s]
2026-10-03 18:10:34,715 INFO  [LocalJobRunner Map Task Executor #0] streaming.PipeMapRed (PipeMapRed.java:maybeLogRecord(554)) - R/W/S=10000/0/0 in:NA [rec/s] out:NA [rec/s]
2026-10-03 18:10:34,728 INFO  [Thread-67] streaming.PipeMapRed (PipeMapRed.java:run(396)) - Records R/W=22168/1
2026-10-03 18:10:34,732 INFO  [Thread-68] streaming.PipeMapRed (PipeMapRed.java:run(466)) - MRErrorThread done
2026-10-03 18:10:34,733 INFO  [LocalJobRunner Map Task Executor #0] streaming.PipeMapRed (PipeMapRed.java:mapRedFinished(544)) - mapRedFinished
2026-10-03 18:10:34,735 INFO  [LocalJobRunner Map Task Executor #0] mapred.Task (Task.java:done(1244)) - Task:attempt_local1209709675_0001_m_000001_0 is done. And is in the process of committing
2026-10-03 18:10:34,739 INFO  [LocalJobRunner Map Task Executor #0] mapred.LocalJobRunner (LocalJobRunner.java:statusUpdate(634)) - Records R/W=22168/1 > sort
2026-10-03 18:10:34,740 INFO  [LocalJobRunner Map Task Executor #0] mapred.Task (Task.java:sendDone(1380)) - Task 'attempt_local1209709675_0001_m_000001_0' done.
2026-10-03 18:10:34,740 INFO  [LocalJobRunner Map Task Executor #0] mapred.Task (Task.java:done(1276)) - Final Counters for attempt_local1209709675_0001_m_000001_0: Counters: 24
	File System Counters
		FILE: Number of bytes read=755899
		FILE: Number of bytes written=1430299
		FILE: Number of read operations=0
		FILE: Number of large read operations=0
		FILE: Number of write operations=0
		HDFS: Number of bytes read=224294936
		HDFS: Number of bytes written=0
		HDFS: Number of read operations=7
		HDFS: Number of large read operations=0
		HDFS: Number of write operations=1
		HDFS: Number of bytes read erasure-coded=0
	Map-Reduce Framework
		Map input records=10500616
		Map output records=10500616
		Map output bytes=90073106
		Map output materialized bytes=71275
		Input split bytes=112
		Combine input records=10522784
		Combine output records=28193
		Spilled Records=28193
		Failed Shuffles=0
		Merged Map outputs=0
		GC time elapsed (ms)=172
		Total committed heap usage (bytes)=415236096
	File Input Format Counters
		Bytes Read=90073112
2026-10-03 18:10:34,740 INFO  [LocalJobRunner Map Task Executor #0] mapred.LocalJobRunner (LocalJobRunner.java:run(277)) - Finishing task: attempt_local1209709675_0001_m_000001_0
2026-10-03 18:10:34,741 INFO  [Thread-8] mapred.LocalJobRunner (LocalJobRunner.java:runTasks(486)) - map task executor complete.
2026-10-03 18:10:34,747 INFO  [Thread-8] mapred.LocalJobRunner (LocalJobRunner.java:runTasks(478)) - Waiting for reduce tasks
2026-10-03 18:10:34,747 INFO  [pool-9-thread-1] mapred.LocalJobRunner (LocalJobRunner.java:run(330)) - Starting task: attempt_local1209709675_0001_r_000000_0
2026-10-03 18:10:34,767 INFO  [pool-9-thread-1] output.FileOutputCommitter (FileOutputCommitter.java:<init>(141)) - File Output Committer Algorithm version is 2
2026-10-03 18:10:34,767 INFO  [pool-9-thread-1] output.FileOutputCommitter (FileOutputCommitter.java:<init>(156)) - FileOutputCommitter skip cleanup _temporary folders under output directory:false, ignore cleanup failures: false
2026-10-03 18:10:34,767 INFO  [pool-9-thread-1] mapred.Task (Task.java:initialize(626)) -  Using ResourceCalculatorProcessTree : [ ]
2026-10-03 18:10:34,778 INFO  [pool-9-thread-1] mapred.ReduceTask (ReduceTask.java:run(363)) - Using ShuffleConsumerPlugin: org.apache.hadoop.mapreduce.task.reduce.Shuffle@6133125d
2026-10-03 18:10:34,782 WARN  [pool-9-thread-1] impl.MetricsSystemImpl (MetricsSystemImpl.java:init(151)) - JobTracker metrics system already initialized!
2026-10-03 18:10:34,823 INFO  [pool-9-thread-1] reduce.MergeManagerImpl (MergeManagerImpl.java:<init>(208)) - MergerManager: memoryLimit=638215744, maxSingleShuffleLimit=159553936, mergeThreshold=421222400, ioSortFactor=10, memToMemMergeOutputsThreshold=10
2026-10-03 18:10:34,827 INFO  [EventFetcher for fetching Map Completion Events] reduce.EventFetcher (EventFetcher.java:run(61)) - attempt_local1209709675_0001_r_000000_0 Thread started: EventFetcher for fetching Map Completion Events
2026-10-03 18:10:34,879 INFO  [localfetcher#1] reduce.LocalFetcher (LocalFetcher.java:copyMapOutput(145)) - localfetcher#1 about to shuffle output of map attempt_local1209709675_0001_m_000001_0 decomp: 71271 len: 71275 to MEMORY
2026-10-03 18:10:34,881 INFO  [localfetcher#1] reduce.InMemoryMapOutput (InMemoryMapOutput.java:doShuffle(94)) - Read 71271 bytes from map-output for attempt_local1209709675_0001_m_000001_0
2026-10-03 18:10:34,885 INFO  [localfetcher#1] reduce.MergeManagerImpl (MergeManagerImpl.java:closeInMemoryFile(323)) - closeInMemoryFile -> map-output of size: 71271, inMemoryMapOutputs.size() -> 1, commitMemory -> 0, usedMemory ->71271
2026-10-03 18:10:34,888 INFO  [localfetcher#1] reduce.LocalFetcher (LocalFetcher.java:copyMapOutput(145)) - localfetcher#1 about to shuffle output of map attempt_local1209709675_0001_m_000000_0 decomp: 73158 len: 73162 to MEMORY
2026-10-03 18:10:34,888 INFO  [localfetcher#1] reduce.InMemoryMapOutput (InMemoryMapOutput.java:doShuffle(94)) - Read 73158 bytes from map-output for attempt_local1209709675_0001_m_000000_0
2026-10-03 18:10:34,889 INFO  [localfetcher#1] reduce.MergeManagerImpl (MergeManagerImpl.java:closeInMemoryFile(323)) - closeInMemoryFile -> map-output of size: 73158, inMemoryMapOutputs.size() -> 2, commitMemory -> 71271, usedMemory ->144429
2026-10-03 18:10:34,889 INFO  [EventFetcher for fetching Map Completion Events] reduce.EventFetcher (EventFetcher.java:run(76)) - EventFetcher is interrupted.. Returning
2026-10-03 18:10:34,890 INFO  [pool-9-thread-1] mapred.LocalJobRunner (LocalJobRunner.java:statusUpdate(634)) - 2 / 2 copied.
2026-10-03 18:10:34,890 INFO  [pool-9-thread-1] reduce.MergeManagerImpl (MergeManagerImpl.java:finalMerge(695)) - finalMerge called with 2 in-memory map-outputs and 0 on-disk map-outputs
2026-10-03 18:10:34,891 INFO  [pool-9-thread-1] mapred.Merger (Merger.java:merge(606)) - Merging 2 sorted segments
2026-10-03 18:10:34,891 INFO  [pool-9-thread-1] mapred.Merger (Merger.java:merge(705)) - Down to the last merge-pass, with 2 segments left of total size: 144415 bytes
2026-10-03 18:10:34,905 INFO  [pool-9-thread-1] reduce.MergeManagerImpl (MergeManagerImpl.java:finalMerge(762)) - Merged 2 segments, 144429 bytes to disk to satisfy reduce memory limit
2026-10-03 18:10:34,905 INFO  [pool-9-thread-1] reduce.MergeManagerImpl (MergeManagerImpl.java:finalMerge(792)) - Merging 1 files, 144431 bytes from disk
2026-10-03 18:10:34,908 INFO  [pool-9-thread-1] reduce.MergeManagerImpl (MergeManagerImpl.java:finalMerge(807)) - Merging 0 segments, 0 bytes from memory into reduce
2026-10-03 18:10:34,908 INFO  [pool-9-thread-1] mapred.Merger (Merger.java:merge(606)) - Merging 1 sorted segments
2026-10-03 18:10:34,908 INFO  [pool-9-thread-1] mapred.Merger (Merger.java:merge(705)) - Down to the last merge-pass, with 1 segments left of total size: 144420 bytes
2026-10-03 18:10:34,909 INFO  [pool-9-thread-1] mapred.LocalJobRunner (LocalJobRunner.java:statusUpdate(634)) - 2 / 2 copied.
2026-10-03 18:10:34,917 INFO  [pool-9-thread-1] streaming.PipeMapRed (PipeMapRed.java:configure(199)) - PipeMapRed exec [/bin/bash, reducer.sh]
2026-10-03 18:10:34,919 INFO  [pool-9-thread-1] Configuration.deprecation (Configuration.java:logDeprecation(1395)) - mapred.job.tracker is deprecated. Instead, use mapreduce.jobtracker.address
2026-10-03 18:10:34,919 INFO  [pool-9-thread-1] Configuration.deprecation (Configuration.java:logDeprecation(1395)) - mapred.map.tasks is deprecated. Instead, use mapreduce.job.maps
2026-10-03 18:10:35,002 INFO  [pool-9-thread-1] streaming.PipeMapRed (PipeMapRed.java:maybeLogRecord(554)) - R/W/S=1/0/0 in:NA [rec/s] out:NA [rec/s]
2026-10-03 18:10:35,003 INFO  [pool-9-thread-1] streaming.PipeMapRed (PipeMapRed.java:maybeLogRecord(554)) - R/W/S=10/0/0 in:NA [rec/s] out:NA [rec/s]
2026-10-03 18:10:35,003 INFO  [pool-9-thread-1] streaming.PipeMapRed (PipeMapRed.java:maybeLogRecord(554)) - R/W/S=100/0/0 in:NA [rec/s] out:NA [rec/s]
2026-10-03 18:10:35,005 INFO  [pool-9-thread-1] streaming.PipeMapRed (PipeMapRed.java:maybeLogRecord(554)) - R/W/S=1000/0/0 in:NA [rec/s] out:NA [rec/s]
2026-10-03 18:10:35,014 INFO  [pool-9-thread-1] streaming.PipeMapRed (PipeMapRed.java:maybeLogRecord(554)) - R/W/S=10000/0/0 in:NA [rec/s] out:NA [rec/s]
2026-10-03 18:10:35,025 INFO  [Thread-79] streaming.PipeMapRed (PipeMapRed.java:run(466)) - MRErrorThread done
2026-10-03 18:10:35,027 INFO  [Thread-78] streaming.PipeMapRed (PipeMapRed.java:run(396)) - Records R/W=12099/1
2026-10-03 18:10:35,044 INFO  [pool-9-thread-1] streaming.PipeMapRed (PipeMapRed.java:mapRedFinished(544)) - mapRedFinished
2026-10-03 18:10:35,141 INFO  [Thread-76] sasl.SaslDataTransferClient (SaslDataTransferClient.java:checkTrustAndSend(239)) - SASL encryption trust check: localHostTrusted = false, remoteHostTrusted = false
2026-10-03 18:10:35,547 INFO  [main] mapreduce.Job (Job.java:monitorAndPrintJob(1647)) -  map 100% reduce 0%
2026-10-03 18:10:35,653 INFO  [pool-9-thread-1] mapred.Task (Task.java:done(1244)) - Task:attempt_local1209709675_0001_r_000000_0 is done. And is in the process of committing
2026-10-03 18:10:35,656 INFO  [pool-9-thread-1] mapred.LocalJobRunner (LocalJobRunner.java:statusUpdate(634)) - 2 / 2 copied.
2026-10-03 18:10:35,656 INFO  [pool-9-thread-1] mapred.Task (Task.java:commit(1421)) - Task attempt_local1209709675_0001_r_000000_0 is allowed to commit now
2026-10-03 18:10:35,682 INFO  [pool-9-thread-1] output.FileOutputCommitter (FileOutputCommitter.java:commitTask(606)) - Saved output of task 'attempt_local1209709675_0001_r_000000_0' to hdfs://namenode:9000/taxi/raw/aggregated/mapreduce_output
2026-10-03 18:10:35,683 INFO  [pool-9-thread-1] mapred.LocalJobRunner (LocalJobRunner.java:statusUpdate(634)) - Records R/W=12099/1 > reduce
2026-10-03 18:10:35,683 INFO  [pool-9-thread-1] mapred.Task (Task.java:sendDone(1380)) - Task 'attempt_local1209709675_0001_r_000000_0' done.
2026-10-03 18:10:35,685 INFO  [pool-9-thread-1] mapred.Task (Task.java:done(1276)) - Final Counters for attempt_local1209709675_0001_r_000000_0: Counters: 30
	File System Counters
		FILE: Number of bytes read=1044831
		FILE: Number of bytes written=1574730
		FILE: Number of read operations=0
		FILE: Number of large read operations=0
		FILE: Number of write operations=0
		HDFS: Number of bytes read=224294936
		HDFS: Number of bytes written=62867
		HDFS: Number of read operations=12
		HDFS: Number of large read operations=0
		HDFS: Number of write operations=3
		HDFS: Number of bytes read erasure-coded=0
	Map-Reduce Framework
		Combine input records=0
		Combine output records=0
		Reduce input groups=12098
		Reduce shuffle bytes=144437
		Reduce input records=12099
		Reduce output records=6155
		Spilled Records=12099
		Shuffled Maps =2
		Failed Shuffles=0
		Merged Map outputs=2
		GC time elapsed (ms)=0
		Total committed heap usage (bytes)=415236096
	Shuffle Errors
		BAD_ID=0
		CONNECTION=0
		IO_ERROR=0
		WRONG_LENGTH=0
		WRONG_MAP=0
		WRONG_REDUCE=0
	File Output Format Counters
		Bytes Written=62867
2026-10-03 18:10:35,685 INFO  [pool-9-thread-1] mapred.LocalJobRunner (LocalJobRunner.java:run(353)) - Finishing task: attempt_local1209709675_0001_r_000000_0
2026-10-03 18:10:35,685 INFO  [Thread-8] mapred.LocalJobRunner (LocalJobRunner.java:runTasks(486)) - reduce task executor complete.
2026-10-03 18:10:36,548 INFO  [main] mapreduce.Job (Job.java:monitorAndPrintJob(1647)) -  map 100% reduce 100%
2026-10-03 18:10:36,549 INFO  [main] mapreduce.Job (Job.java:monitorAndPrintJob(1658)) - Job job_local1209709675_0001 completed successfully
2026-10-03 18:10:36,568 INFO  [main] mapreduce.Job (Job.java:monitorAndPrintJob(1665)) - Counters: 36
	File System Counters
		FILE: Number of bytes read=2306060
		FILE: Number of bytes written=4113695
		FILE: Number of read operations=0
		FILE: Number of large read operations=0
		FILE: Number of write operations=0
		HDFS: Number of bytes read=582811696
		HDFS: Number of bytes written=62867
		HDFS: Number of read operations=24
		HDFS: Number of large read operations=0
		HDFS: Number of write operations=5
		HDFS: Number of bytes read erasure-coded=0
	Map-Reduce Framework
		Map input records=26116976
		Map output records=26116976
		Map output bytes=224290840
		Map output materialized bytes=144437
		Input split bytes=224
		Combine input records=26167760
		Combine output records=62883
		Reduce input groups=12098
		Reduce shuffle bytes=144437
		Reduce input records=12099
		Reduce output records=6155
		Spilled Records=74982
		Shuffled Maps =2
		Failed Shuffles=0
		Merged Map outputs=2
		GC time elapsed (ms)=226
		Total committed heap usage (bytes)=1099956224
	Shuffle Errors
		BAD_ID=0
		CONNECTION=0
		IO_ERROR=0
		WRONG_LENGTH=0
		WRONG_MAP=0
		WRONG_REDUCE=0
	File Input Format Counters
		Bytes Read=224294936
	File Output Format Counters
		Bytes Written=62867
2026-10-03 18:10:36,568 INFO  [main] streaming.StreamJob (StreamJob.java:submitAndMonitorJob(1026)) - Output directory: /taxi/raw/aggregated/mapreduce_output
[PASS] Validated 6155 aggregated zone-hour rows against the independent Counter baseline
[PASS] LocalJobRunner input_rows=26116976
